-- --------------------------------------------------------
-- Host:                         127.0.0.1
-- Server version:               8.0.29 - MySQL Community Server - GPL
-- Server OS:                    Win64
-- HeidiSQL Version:             12.0.0.6468
-- --------------------------------------------------------

/*!40101 SET @OLD_CHARACTER_SET_CLIENT=@@CHARACTER_SET_CLIENT */;
/*!40101 SET NAMES utf8 */;
/*!50503 SET NAMES utf8mb4 */;
/*!40103 SET @OLD_TIME_ZONE=@@TIME_ZONE */;
/*!40103 SET TIME_ZONE='+00:00' */;
/*!40014 SET @OLD_FOREIGN_KEY_CHECKS=@@FOREIGN_KEY_CHECKS, FOREIGN_KEY_CHECKS=0 */;
/*!40101 SET @OLD_SQL_MODE=@@SQL_MODE, SQL_MODE='NO_AUTO_VALUE_ON_ZERO' */;
/*!40111 SET @OLD_SQL_NOTES=@@SQL_NOTES, SQL_NOTES=0 */;


-- Dumping database structure for cloud_store
CREATE DATABASE IF NOT EXISTS `cloud_store` /*!40100 DEFAULT CHARACTER SET utf8mb3 */ /*!80016 DEFAULT ENCRYPTION='N' */;
USE `cloud_store`;

-- Dumping structure for table cloud_store.brand
CREATE TABLE IF NOT EXISTS `brand` (
  `id` int NOT NULL AUTO_INCREMENT,
  `name` varchar(45) CHARACTER SET utf8mb4 COLLATE utf8mb4_0900_ai_ci DEFAULT NULL,
  PRIMARY KEY (`id`)
) ENGINE=InnoDB AUTO_INCREMENT=8 DEFAULT CHARSET=utf8mb3;

-- Dumping data for table cloud_store.brand: ~7 rows (approximately)
INSERT INTO `brand` (`id`, `name`) VALUES
	(1, 'Apple'),
	(2, 'Huawei'),
	(3, 'ASUS'),
	(4, 'LENOVO'),
	(5, 'Samsung'),
	(6, 'One Plus'),
	(7, 'Google');

-- Dumping structure for table cloud_store.brand_has_model
CREATE TABLE IF NOT EXISTS `brand_has_model` (
  `id` int NOT NULL AUTO_INCREMENT,
  `brand_id` int NOT NULL,
  `model_id` int NOT NULL,
  PRIMARY KEY (`id`),
  KEY `fk_brand_has_model_model1_idx` (`model_id`),
  KEY `fk_brand_has_model_brand1_idx` (`brand_id`),
  CONSTRAINT `fk_brand_has_model_brand1` FOREIGN KEY (`brand_id`) REFERENCES `brand` (`id`),
  CONSTRAINT `fk_brand_has_model_model1` FOREIGN KEY (`model_id`) REFERENCES `model` (`id`)
) ENGINE=InnoDB AUTO_INCREMENT=14 DEFAULT CHARSET=utf8mb3;

-- Dumping data for table cloud_store.brand_has_model: ~10 rows (approximately)
INSERT INTO `brand_has_model` (`id`, `brand_id`, `model_id`) VALUES
	(1, 1, 1),
	(2, 2, 2),
	(3, 3, 3),
	(4, 4, 4),
	(5, 5, 8),
	(6, 6, 7),
	(7, 7, 6),
	(8, 1, 5),
	(9, 5, 8),
	(10, 1, 8),
	(11, 2, 3),
	(12, 2, 4),
	(13, 5, 6);

-- Dumping structure for table cloud_store.cart
CREATE TABLE IF NOT EXISTS `cart` (
  `id` int NOT NULL AUTO_INCREMENT,
  `qty` int DEFAULT NULL,
  `user_email` varchar(50) CHARACTER SET utf8mb4 COLLATE utf8mb4_0900_ai_ci NOT NULL,
  `product_id` int NOT NULL,
  PRIMARY KEY (`id`),
  KEY `fk_cart_user1_idx` (`user_email`),
  KEY `fk_cart_product1_idx` (`product_id`),
  CONSTRAINT `fk_cart_product1` FOREIGN KEY (`product_id`) REFERENCES `product` (`id`),
  CONSTRAINT `fk_cart_user1` FOREIGN KEY (`user_email`) REFERENCES `user` (`email`)
) ENGINE=InnoDB DEFAULT CHARSET=utf8mb3;

-- Dumping data for table cloud_store.cart: ~0 rows (approximately)

-- Dumping structure for table cloud_store.category
CREATE TABLE IF NOT EXISTS `category` (
  `id` int NOT NULL AUTO_INCREMENT,
  `name` varchar(50) CHARACTER SET utf8mb4 COLLATE utf8mb4_0900_ai_ci DEFAULT NULL,
  `c_image` varchar(100) DEFAULT NULL,
  `icons` text,
  PRIMARY KEY (`id`)
) ENGINE=InnoDB DEFAULT CHARSET=utf8mb3;

-- Dumping data for table cloud_store.category: ~12 rows (approximately)
INSERT INTO `category` (`id`, `name`, `c_image`, `icons`) VALUES
	(1, 'Laptops', 'resource/category_img/laptop.png', '<i class="bi bi-laptop"></i>'),
	(2, 'Mobile Phones', 'resource/category_img/mobile.png', '<i class="bi bi-phone"></i>'),
	(3, 'Desktops', 'resource/category_img/desktop.png', '<i class="bi bi-pc-display"></i>'),
	(4, 'CPUs', 'resource/category_img/cpu.png', '<i class="bi bi-cpu"></i>'),
	(5, 'Graphic Cards', 'resource/category_img/vga.png', '<i class="bi bi-gpu-card"></i>'),
	(6, 'Casings', 'resource/category_img/casing.png', '<i class="bi bi-pc"></i>'),
	(7, 'Power Supplys', 'resource/category_img/power.png', '<i class="bi bi-plug-fill"></i>'),
	(8, 'Sub Woofers', 'resource/category_img/sub.png', '<i class="bi bi-speaker"></i>'),
	(9, 'Headsetss', 'resource/category_img/headset.png', '<i class="bi bi-headset"></i>'),
	(10, 'Mouses', 'resource/category_img/mouse.png', '<i class="bi bi-mouse2"></i>'),
	(11, 'Keyboards', 'resource/category_img/keyboard.png', '<i class="bi bi-keyboard"></i>'),
	(12, 'Monitors', 'resource/category_img/monitor.png', '<i class="bi bi-display"></i>');

-- Dumping structure for table cloud_store.city
CREATE TABLE IF NOT EXISTS `city` (
  `name` varchar(45) CHARACTER SET utf8mb3 COLLATE utf8_general_ci DEFAULT NULL,
  `id` int NOT NULL AUTO_INCREMENT,
  `district_id` int NOT NULL,
  PRIMARY KEY (`id`),
  UNIQUE KEY `id` (`id`),
  KEY `fk_cities_districts1` (`district_id`)
) ENGINE=InnoDB AUTO_INCREMENT=2214 DEFAULT CHARSET=utf8mb3;

-- Dumping data for table cloud_store.city: ~2,155 rows (approximately)
INSERT INTO `city` (`name`, `id`, `district_id`) VALUES
	('Akkaraipattu', 1, 1),
	('Ambagahawatta', 2, 1),
	('Ampara', 3, 1),
	('Bakmitiyawa', 4, 1),
	('Deegawapiya', 5, 1),
	('Devalahinda', 6, 1),
	('Digamadulla Weeragoda', 7, 1),
	('Dorakumbura', 8, 1),
	('Gonagolla', 9, 1),
	('Hulannuge', 10, 1),
	('Kalmunai', 11, 1),
	('Kannakipuram', 12, 1),
	('Karativu', 13, 1),
	('Kekirihena', 14, 1),
	('Koknahara', 15, 1),
	('Kolamanthalawa', 16, 1),
	('Komari', 17, 1),
	('Lahugala', 18, 1),
	('Irakkamam', 19, 1),
	('Mahaoya', 20, 1),
	('Marathamune', 21, 1),
	('Namaloya', 22, 1),
	('Navithanveli', 23, 1),
	('Nintavur', 24, 1),
	('Oluvil', 25, 1),
	('Padiyatalawa', 26, 1),
	('Pahalalanda', 27, 1),
	('Panama', 28, 1),
	('Pannalagama', 29, 1),
	('Paragahakele', 30, 1),
	('Periyaneelavanai', 31, 1),
	('Polwaga Janapadaya', 32, 1),
	('Pottuvil', 33, 1),
	('Sainthamaruthu', 34, 1),
	('Samanthurai', 35, 1),
	('Serankada', 36, 1),
	('Tempitiya', 37, 1),
	('Thambiluvil', 38, 1),
	('Tirukovil', 39, 1),
	('Uhana', 40, 1),
	('Wadinagala', 41, 1),
	('Wanagamuwa', 42, 1),
	('Angamuwa', 43, 2),
	('Anuradhapura', 44, 2),
	('Awukana', 45, 2),
	('Bogahawewa', 46, 2),
	('Dematawewa', 47, 2),
	('Dimbulagala', 48, 2),
	('Dutuwewa', 49, 2),
	('Elayapattuwa', 50, 2),
	('Ellewewa', 51, 2),
	('Eppawala', 52, 2),
	('Etawatunuwewa', 53, 2),
	('Etaweeragollewa', 54, 2),
	('Galapitagala', 55, 2),
	('Galenbindunuwewa', 56, 2),
	('Galkadawala', 57, 2),
	('Galkiriyagama', 58, 2),
	('Galkulama', 59, 2),
	('Galnewa', 60, 2),
	('Gambirigaswewa', 61, 2),
	('Ganewalpola', 62, 2),
	('Gemunupura', 63, 2),
	('Getalawa', 64, 2),
	('Gnanikulama', 65, 2),
	('Gonahaddenawa', 66, 2),
	('Habarana', 67, 2),
	('Halmillawa Dambulla', 68, 2),
	('Halmillawetiya', 69, 2),
	('Hidogama', 70, 2),
	('Horawpatana', 71, 2),
	('Horiwila', 72, 2),
	('Hurigaswewa', 73, 2),
	('Hurulunikawewa', 74, 2),
	('Ihala Puliyankulama', 75, 2),
	('Kagama', 76, 2),
	('Kahatagasdigiliya', 77, 2),
	('Kahatagollewa', 78, 2),
	('Kalakarambewa', 79, 2),
	('Kalaoya', 80, 2),
	('Kalawedi Ulpotha', 81, 2),
	('Kallanchiya', 82, 2),
	('Kalpitiya', 83, 2),
	('Kalukele Badanagala', 84, 2),
	('Kapugallawa', 85, 2),
	('Karagahawewa', 86, 2),
	('Kashyapapura', 87, 2),
	('Kebithigollewa', 88, 2),
	('Kekirawa', 89, 2),
	('Kendewa', 90, 2),
	('Kiralogama', 91, 2),
	('Kirigalwewa', 92, 2),
	('Kirimundalama', 93, 2),
	('Kitulhitiyawa', 94, 2),
	('Kurundankulama', 95, 2),
	('Labunoruwa', 96, 2),
	('Ihalagama', 97, 2),
	('Ipologama', 98, 2),
	('Madatugama', 99, 2),
	('Maha Elagamuwa', 100, 2),
	('Mahabulankulama', 101, 2),
	('Mahailluppallama', 102, 2),
	('Mahakanadarawa', 103, 2),
	('Mahapothana', 104, 2),
	('Mahasenpura', 105, 2),
	('Mahawilachchiya', 106, 2),
	('Mailagaswewa', 107, 2),
	('Malwanagama', 108, 2),
	('Maneruwa', 109, 2),
	('Maradankadawala', 110, 2),
	('Maradankalla', 111, 2),
	('Medawachchiya', 112, 2),
	('Megodawewa', 113, 2),
	('Mihintale', 114, 2),
	('Morakewa', 115, 2),
	('Mulkiriyawa', 116, 2),
	('Muriyakadawala', 117, 2),
	('Colombo 15', 118, 5),
	('Nachchaduwa', 119, 2),
	('Namalpura', 120, 2),
	('Negampaha', 121, 2),
	('Nochchiyagama', 122, 2),
	('Nuwaragala', 123, 2),
	('Padavi Maithripura', 124, 2),
	('Padavi Parakramapura', 125, 2),
	('Padavi Sripura', 126, 2),
	('Padavi Sritissapura', 127, 2),
	('Padaviya', 128, 2),
	('Padikaramaduwa', 129, 2),
	('Pahala Halmillewa', 130, 2),
	('Pahala Maragahawe', 131, 2),
	('Pahalagama', 132, 2),
	('Palugaswewa', 133, 2),
	('Pandukabayapura', 134, 2),
	('Pandulagama', 135, 2),
	('Parakumpura', 136, 2),
	('Parangiyawadiya', 137, 2),
	('Parasangahawewa', 138, 2),
	('Pelatiyawa', 139, 2),
	('Pemaduwa', 140, 2),
	('Perimiyankulama', 141, 2),
	('Pihimbiyagolewa', 142, 2),
	('Pubbogama', 143, 2),
	('Punewa', 144, 2),
	('Rajanganaya', 145, 2),
	('Rambewa', 146, 2),
	('Rampathwila', 147, 2),
	('Rathmalgahawewa', 148, 2),
	('Saliyapura', 149, 2),
	('Seeppukulama', 150, 2),
	('Senapura', 151, 2),
	('Sivalakulama', 152, 2),
	('Siyambalewa', 153, 2),
	('Sravasthipura', 154, 2),
	('Talawa', 155, 2),
	('Tambuttegama', 156, 2),
	('Tammennawa', 157, 2),
	('Tantirimale', 158, 2),
	('Telhiriyawa', 159, 2),
	('Tirappane', 160, 2),
	('Tittagonewa', 161, 2),
	('Udunuwara Colony', 162, 2),
	('Upuldeniya', 163, 2),
	('Uttimaduwa', 164, 2),
	('Vellamanal', 165, 2),
	('Viharapalugama', 166, 2),
	('Wahalkada', 167, 2),
	('Wahamalgollewa', 168, 2),
	('Walagambahuwa', 169, 2),
	('Walahaviddawewa', 170, 2),
	('Welimuwapotana', 171, 2),
	('Welioya Project', 172, 2),
	('Akkarasiyaya', 173, 3),
	('Aluketiyawa', 174, 3),
	('Aluttaramma', 175, 3),
	('Ambadandegama', 176, 3),
	('Ambagasdowa', 177, 3),
	('Arawa', 178, 3),
	('Arawakumbura', 179, 3),
	('Arawatta', 180, 3),
	('Atakiriya', 181, 3),
	('Badulla', 182, 3),
	('Baduluoya', 183, 3),
	('Ballaketuwa', 184, 3),
	('Bambarapana', 185, 3),
	('Bandarawela', 186, 3),
	('Beramada', 187, 3),
	('Bibilegama', 188, 3),
	('Boragas', 189, 3),
	('Boralanda', 190, 3),
	('Bowela', 191, 3),
	('Central Camp', 192, 3),
	('Damanewela', 193, 3),
	('Dambana', 194, 3),
	('Dehiattakandiya', 195, 3),
	('Demodara', 196, 3),
	('Diganatenna', 197, 3),
	('Dikkapitiya', 198, 3),
	('Dimbulana', 199, 3),
	('Divulapelessa', 200, 3),
	('Diyatalawa', 201, 3),
	('Dulgolla', 202, 3),
	('Ekiriyankumbura', 203, 3),
	('Ella', 204, 3),
	('Ettampitiya', 205, 3),
	('Galauda', 206, 3),
	('Galporuyaya', 207, 3),
	('Gawarawela', 208, 3),
	('Girandurukotte', 209, 3),
	('Godunna', 210, 3),
	('Gurutalawa', 211, 3),
	('Haldummulla', 212, 3),
	('Hali Ela', 213, 3),
	('Hangunnawa', 214, 3),
	('Haputale', 215, 3),
	('Hebarawa', 216, 3),
	('Heeloya', 217, 3),
	('Helahalpe', 218, 3),
	('Helapupula', 219, 3),
	('Hopton', 220, 3),
	('Idalgashinna', 221, 3),
	('Kahataruppa', 222, 3),
	('Kalugahakandura', 223, 3),
	('Kalupahana', 224, 3),
	('Kebillawela', 225, 3),
	('Kendagolla', 226, 3),
	('Keselpotha', 227, 3),
	('Ketawatta', 228, 3),
	('Kiriwanagama', 229, 3),
	('Koslanda', 230, 3),
	('Kuruwitenna', 231, 3),
	('Kuttiyagolla', 232, 3),
	('Landewela', 233, 3),
	('Liyangahawela', 234, 3),
	('Lunugala', 235, 3),
	('Lunuwatta', 236, 3),
	('Madulsima', 237, 3),
	('Mahiyanganaya', 238, 3),
	('Makulella', 239, 3),
	('Malgoda', 240, 3),
	('Mapakadawewa', 241, 3),
	('Maspanna', 242, 3),
	('Maussagolla', 243, 3),
	('Mawanagama', 244, 3),
	('Medawela Udukinda', 245, 3),
	('Meegahakiula', 246, 3),
	('Metigahatenna', 247, 3),
	('Mirahawatta', 248, 3),
	('Miriyabedda', 249, 3),
	('Nawamedagama', 250, 3),
	('Nelumgama', 251, 3),
	('Nikapotha', 252, 3),
	('Nugatalawa', 253, 3),
	('Ohiya', 254, 3),
	('Pahalarathkinda', 255, 3),
	('Pallekiruwa', 256, 3),
	('Passara', 257, 3),
	('Pattiyagedara', 258, 3),
	('Pelagahatenna', 259, 3),
	('Perawella', 260, 3),
	('Pitamaruwa', 261, 3),
	('Pitapola', 262, 3),
	('Puhulpola', 263, 3),
	('Rajagalatenna', 264, 3),
	('Rathkarawwa', 265, 3),
	('Ridimaliyadda', 266, 3),
	('Silmiyapura', 267, 3),
	('Sirimalgoda', 268, 3),
	('Siripura', 269, 3),
	('Sorabora Colony', 270, 3),
	('Soragune', 271, 3),
	('Soranathota', 272, 3),
	('Taldena', 273, 3),
	('Timbirigaspitiya', 274, 3),
	('Uduhawara', 275, 3),
	('Uraniya', 276, 3),
	('Uva Karandagolla', 277, 3),
	('Uva Mawelagama', 278, 3),
	('Uva Tenna', 279, 3),
	('Uva Tissapura', 280, 3),
	('Welimada', 281, 3),
	('Weranketagoda', 282, 3),
	('Wewatta', 283, 3),
	('Wineethagama', 284, 3),
	('Yalagamuwa', 285, 3),
	('Yalwela', 286, 3),
	('Addalaichenai', 287, 4),
	('Ampilanthurai', 288, 4),
	('Araipattai', 289, 4),
	('Ayithiyamalai', 290, 4),
	('Bakiella', 291, 4),
	('Batticaloa', 292, 4),
	('Cheddipalayam', 293, 4),
	('Chenkaladi', 294, 4),
	('Eravur', 295, 4),
	('Kaluwanchikudi', 296, 4),
	('Kaluwankemy', 297, 4),
	('Kannankudah', 298, 4),
	('Karadiyanaru', 299, 4),
	('Kathiraveli', 300, 4),
	('Kattankudi', 301, 4),
	('Kiran', 302, 4),
	('Kirankulam', 303, 4),
	('Koddaikallar', 304, 4),
	('Kokkaddicholai', 305, 4),
	('Kurukkalmadam', 306, 4),
	('Mandur', 307, 4),
	('Miravodai', 308, 4),
	('Murakottanchanai', 309, 4),
	('Navagirinagar', 310, 4),
	('Navatkadu', 311, 4),
	('Oddamavadi', 312, 4),
	('Palamunai', 313, 4),
	('Pankudavely', 314, 4),
	('Periyaporativu', 315, 4),
	('Periyapullumalai', 316, 4),
	('Pillaiyaradi', 317, 4),
	('Punanai', 318, 4),
	('Thannamunai', 319, 4),
	('Thettativu', 320, 4),
	('Thikkodai', 321, 4),
	('Thirupalugamam', 322, 4),
	('Unnichchai', 323, 4),
	('Vakaneri', 324, 4),
	('Vakarai', 325, 4),
	('Valaichenai', 326, 4),
	('Vantharumoolai', 327, 4),
	('Vellavely', 328, 4),
	('Akarawita', 329, 5),
	('Ambalangoda', 330, 5),
	('Athurugiriya', 331, 5),
	('Avissawella', 332, 5),
	('Batawala', 333, 5),
	('Battaramulla', 334, 5),
	('Biyagama', 335, 5),
	('Bope', 336, 5),
	('Boralesgamuwa', 337, 5),
	('Colombo 8', 338, 5),
	('Dedigamuwa', 339, 5),
	('Dehiwala', 340, 5),
	('Deltara', 341, 5),
	('Habarakada', 342, 5),
	('Hanwella', 343, 5),
	('Hiripitya', 344, 5),
	('Hokandara', 345, 5),
	('Homagama', 346, 5),
	('Horagala', 347, 5),
	('Kaduwela', 348, 5),
	('Kaluaggala', 349, 5),
	('Kapugoda', 350, 5),
	('Kehelwatta', 351, 5),
	('Kiriwattuduwa', 352, 5),
	('Kolonnawa', 353, 5),
	('Kosgama', 354, 5),
	('Madapatha', 355, 5),
	('Maharagama', 356, 5),
	('Malabe', 357, 5),
	('Moratuwa', 358, 5),
	('Mount Lavinia', 359, 5),
	('Mullegama', 360, 5),
	('Napawela', 361, 5),
	('Nugegoda', 362, 5),
	('Padukka', 363, 5),
	('Pannipitiya', 364, 5),
	('Piliyandala', 365, 5),
	('Pitipana Homagama', 366, 5),
	('Polgasowita', 367, 5),
	('Pugoda', 368, 5),
	('Ranala', 369, 5),
	('Siddamulla', 370, 5),
	('Siyambalagoda', 371, 5),
	('Sri Jayawardenepura', 372, 5),
	('Talawatugoda', 373, 5),
	('Tummodara', 374, 5),
	('Waga', 375, 5),
	('Colombo 6', 376, 5),
	('Agaliya', 377, 6),
	('Ahangama', 378, 6),
	('Ahungalla', 379, 6),
	('Akmeemana', 380, 6),
	('Alawatugoda', 381, 6),
	('Aluthwala', 382, 6),
	('Ampegama', 383, 6),
	('Amugoda', 384, 6),
	('Anangoda', 385, 6),
	('Angulugaha', 386, 6),
	('Ankokkawala', 387, 6),
	('Aselapura', 388, 6),
	('Baddegama', 389, 6),
	('Balapitiya', 390, 6),
	('Banagala', 391, 6),
	('Batapola', 392, 6),
	('Bentota', 393, 6),
	('Boossa', 394, 6),
	('Dellawa', 395, 6),
	('Dikkumbura', 396, 6),
	('Dodanduwa', 397, 6),
	('Ella Tanabaddegama', 398, 6),
	('Elpitiya', 399, 6),
	('Galle', 400, 6),
	('Ginimellagaha', 401, 6),
	('Gintota', 402, 6),
	('Godahena', 403, 6),
	('Gonamulla Junction', 404, 6),
	('Gonapinuwala', 405, 6),
	('Habaraduwa', 406, 6),
	('Haburugala', 407, 6),
	('Hikkaduwa', 408, 6),
	('Hiniduma', 409, 6),
	('Hiyare', 410, 6),
	('Kahaduwa', 411, 6),
	('Kahawa', 412, 6),
	('Karagoda', 413, 6),
	('Karandeniya', 414, 6),
	('Kosgoda', 415, 6),
	('Kottawagama', 416, 6),
	('Kottegoda', 417, 6),
	('Kuleegoda', 418, 6),
	('Magedara', 419, 6),
	('Mahawela Sinhapura', 420, 6),
	('Mapalagama', 421, 6),
	('Mapalagama Central', 422, 6),
	('Mattaka', 423, 6),
	('Meda-Keembiya', 424, 6),
	('Meetiyagoda', 425, 6),
	('Nagoda', 426, 6),
	('Nakiyadeniya', 427, 6),
	('Nawandagala', 428, 6),
	('Neluwa', 429, 6),
	('Nindana', 430, 6),
	('Pahala Millawa', 431, 6),
	('Panangala', 432, 6),
	('Pannimulla Panagoda', 433, 6),
	('Parana Thanayamgoda', 434, 6),
	('Patana', 435, 6),
	('Pitigala', 436, 6),
	('Poddala', 437, 6),
	('Polgampola', 438, 6),
	('Porawagama', 439, 6),
	('Rantotuwila', 440, 6),
	('Talagampola', 441, 6),
	('Talgaspe', 442, 6),
	('Talpe', 443, 6),
	('Tawalama', 444, 6),
	('Tiranagama', 445, 6),
	('Udalamatta', 446, 6),
	('Udugama', 447, 6),
	('Uluvitike', 448, 6),
	('Unawatuna', 449, 6),
	('Unawitiya', 450, 6),
	('Uragaha', 451, 6),
	('Uragasmanhandiya', 452, 6),
	('Wakwella', 453, 6),
	('Walahanduwa', 454, 6),
	('Wanchawela', 455, 6),
	('Wanduramba', 456, 6),
	('Warukandeniya', 457, 6),
	('Watugedara', 458, 6),
	('Weihena', 459, 6),
	('Welikanda', 460, 6),
	('Wilanagama', 461, 6),
	('Yakkalamulla', 462, 6),
	('Yatalamatta', 463, 6),
	('Akaragama', 464, 7),
	('Ambagaspitiya', 465, 7),
	('Ambepussa', 466, 7),
	('Andiambalama', 467, 7),
	('Attanagalla', 468, 7),
	('Badalgama', 469, 7),
	('Banduragoda', 470, 7),
	('Batuwatta', 471, 7),
	('Bemmulla', 472, 7),
	('Biyagama IPZ', 473, 7),
	('Bokalagama', 474, 7),
	('Bollete (WP)', 475, 7),
	('Bopagama', 476, 7),
	('Buthpitiya', 477, 7),
	('Dagonna', 478, 7),
	('Danowita', 479, 7),
	('Debahera', 480, 7),
	('Dekatana', 481, 7),
	('Delgoda', 482, 7),
	('Delwagura', 483, 7),
	('Demalagama', 484, 7),
	('Demanhandiya', 485, 7),
	('Dewalapola', 486, 7),
	('Divulapitiya', 487, 7),
	('Divuldeniya', 488, 7),
	('Dompe', 489, 7),
	('Dunagaha', 490, 7),
	('Ekala', 491, 7),
	('Ellakkala', 492, 7),
	('Essella', 493, 7),
	('Galedanda', 494, 7),
	('Gampaha', 495, 7),
	('Ganemulla', 496, 7),
	('Giriulla', 497, 7),
	('Gonawala', 498, 7),
	('Halpe', 499, 7),
	('Hapugastenna', 500, 7),
	('Heiyanthuduwa', 501, 7),
	('Hinatiyana Madawala', 502, 7),
	('Hiswella', 503, 7),
	('Horampella', 504, 7),
	('Hunumulla', 505, 7),
	('Hunupola', 506, 7),
	('Ihala Madampella', 507, 7),
	('Imbulgoda', 508, 7),
	('Ja-Ela', 509, 7),
	('Kadawatha', 510, 7),
	('Kahatowita', 511, 7),
	('Kalagedihena', 512, 7),
	('Kaleliya', 513, 7),
	('Kandana', 514, 7),
	('Katana', 515, 7),
	('Katudeniya', 516, 7),
	('Katunayake', 517, 7),
	('Katunayake Air Force Camp', 518, 7),
	('Katunayake(FTZ)', 519, 7),
	('Katuwellegama', 520, 7),
	('Kelaniya', 521, 7),
	('Kimbulapitiya', 522, 7),
	('Kirindiwela', 523, 7),
	('Kitalawalana', 524, 7),
	('Kochchikade', 525, 7),
	('Kotadeniyawa', 526, 7),
	('Kotugoda', 527, 7),
	('Kumbaloluwa', 528, 7),
	('Loluwagoda', 529, 7),
	('Mabodale', 530, 7),
	('Madelgamuwa', 531, 7),
	('Makewita', 532, 7),
	('Makola', 533, 7),
	('Malwana', 534, 7),
	('Mandawala', 535, 7),
	('Marandagahamula', 536, 7),
	('Mellawagedara', 537, 7),
	('Minuwangoda', 538, 7),
	('Mirigama', 539, 7),
	('Miriswatta', 540, 7),
	('Mithirigala', 541, 7),
	('Muddaragama', 542, 7),
	('Mudungoda', 543, 7),
	('Mulleriyawa New Town', 544, 7),
	('Naranwala', 545, 7),
	('Nawana', 546, 7),
	('Nedungamuwa', 547, 7),
	('Negombo', 548, 7),
	('Nikadalupotha', 549, 7),
	('Nikahetikanda', 550, 7),
	('Nittambuwa', 551, 7),
	('Niwandama', 552, 7),
	('Opatha', 553, 7),
	('Pamunugama', 554, 7),
	('Pamunuwatta', 555, 7),
	('Panawala', 556, 7),
	('Pasyala', 557, 7),
	('Peliyagoda', 558, 7),
	('Pepiliyawala', 559, 7),
	('Pethiyagoda', 560, 7),
	('Polpithimukulana', 561, 7),
	('Puwakpitiya', 562, 7),
	('Radawadunna', 563, 7),
	('Radawana', 564, 7),
	('Raddolugama', 565, 7),
	('Ragama', 566, 7),
	('Ruggahawila', 567, 7),
	('Seeduwa', 568, 7),
	('Siyambalape', 569, 7),
	('Talahena', 570, 7),
	('Thambagalla', 571, 7),
	('Thimbirigaskatuwa', 572, 7),
	('Tittapattara', 573, 7),
	('Udathuthiripitiya', 574, 7),
	('Udugampola', 575, 7),
	('Uggalboda', 576, 7),
	('Urapola', 577, 7),
	('Uswetakeiyawa', 578, 7),
	('Veyangoda', 579, 7),
	('Walgammulla', 580, 7),
	('Walpita', 581, 7),
	('Walpola (WP)', 582, 7),
	('Wathurugama', 583, 7),
	('Watinapaha', 584, 7),
	('Wattala', 585, 7),
	('Weboda', 586, 7),
	('Wegowwa', 587, 7),
	('Weweldeniya', 588, 7),
	('Yakkala', 589, 7),
	('Yatiyana', 590, 7),
	('Ambalantota', 591, 8),
	('Angunakolapelessa', 592, 8),
	('Angunakolawewa', 593, 8),
	('Bandagiriya Colony', 594, 8),
	('Barawakumbuka', 595, 8),
	('Beliatta', 596, 8),
	('Beragama', 597, 8),
	('Beralihela', 598, 8),
	('Bundala', 599, 8),
	('Ellagala', 600, 8),
	('Gangulandeniya', 601, 8),
	('Getamanna', 602, 8),
	('Goda Koggalla', 603, 8),
	('Gonagamuwa Uduwila', 604, 8),
	('Gonnoruwa', 605, 8),
	('Hakuruwela', 606, 8),
	('Hambantota', 607, 8),
	('Handugala', 608, 8),
	('Hungama', 609, 8),
	('Ihala Beligalla', 610, 8),
	('Iththa Demaliya', 611, 8),
	('Julampitiya', 612, 8),
	('Kahandamodara', 613, 8),
	('Kariyamaditta', 614, 8),
	('Katuwana', 615, 8),
	('Kawantissapura', 616, 8),
	('Kirama', 617, 8),
	('Kirinda', 618, 8),
	('Lunama', 619, 8),
	('Lunugamwehera', 620, 8),
	('Magama', 621, 8),
	('Mahagalwewa', 622, 8),
	('Mamadala', 623, 8),
	('Medamulana', 624, 8),
	('Middeniya', 625, 8),
	('Meegahajandura', 626, 8),
	('Modarawana', 627, 8),
	('Mulkirigala', 628, 8),
	('Nakulugamuwa', 629, 8),
	('Netolpitiya', 630, 8),
	('Nihiluwa', 631, 8),
	('Padawkema', 632, 8),
	('Pahala Andarawewa', 633, 8),
	('Rammalawarapitiya', 634, 8),
	('Ranakeliya', 635, 8),
	('Ranmuduwewa', 636, 8),
	('Ranna', 637, 8),
	('Ratmalwala', 638, 8),
	('Ruhunu Ridiyagama', 639, 8),
	('Sooriyawewa Town', 640, 8),
	('Tangalla', 641, 8),
	('Tissamaharama', 642, 8),
	('Uda Gomadiya', 643, 8),
	('Udamattala', 644, 8),
	('Uswewa', 645, 8),
	('Vitharandeniya', 646, 8),
	('Walasmulla', 647, 8),
	('Weeraketiya', 648, 8),
	('Weerawila', 649, 8),
	('Weerawila NewTown', 650, 8),
	('Wekandawela', 651, 8),
	('Weligatta', 652, 8),
	('Yatigala', 653, 8),
	('Jaffna', 654, 9),
	('Agalawatta', 655, 10),
	('Alubomulla', 656, 10),
	('Anguruwatota', 657, 10),
	('Atale', 658, 10),
	('Baduraliya', 659, 10),
	('Bandaragama', 660, 10),
	('Batugampola', 661, 10),
	('Bellana', 662, 10),
	('Beruwala', 663, 10),
	('Bolossagama', 664, 10),
	('Bombuwala', 665, 10),
	('Boralugoda', 666, 10),
	('Bulathsinhala', 667, 10),
	('Danawala Thiniyawala', 668, 10),
	('Delmella', 669, 10),
	('Dharga Town', 670, 10),
	('Diwalakada', 671, 10),
	('Dodangoda', 672, 10),
	('Dombagoda', 673, 10),
	('Ethkandura', 674, 10),
	('Galpatha', 675, 10),
	('Gamagoda', 676, 10),
	('Gonagalpura', 677, 10),
	('Gonapola Junction', 678, 10),
	('Govinna', 679, 10),
	('Gurulubadda', 680, 10),
	('Halkandawila', 681, 10),
	('Haltota', 682, 10),
	('Halvitigala Colony', 683, 10),
	('Halwala', 684, 10),
	('Halwatura', 685, 10),
	('Handapangoda', 686, 10),
	('Hedigalla Colony', 687, 10),
	('Henegama', 688, 10),
	('Hettimulla', 689, 10),
	('Horana', 690, 10),
	('Ittapana', 691, 10),
	('Kahawala', 692, 10),
	('Kalawila Kiranthidiya', 693, 10),
	('Kalutara', 694, 10),
	('Kananwila', 695, 10),
	('Kandanagama', 696, 10),
	('Kelinkanda', 697, 10),
	('Kitulgoda', 698, 10),
	('Koholana', 699, 10),
	('Kuda Uduwa', 700, 10),
	('Labbala', 701, 10),
	('Ihalahewessa', 702, 10),
	('Induruwa', 703, 10),
	('Ingiriya', 704, 10),
	('Maggona', 705, 10),
	('Mahagama', 706, 10),
	('Mahakalupahana', 707, 10),
	('Maharangalla', 708, 10),
	('Malgalla Talangalla', 709, 10),
	('Matugama', 710, 10),
	('Meegahatenna', 711, 10),
	('Meegama', 712, 10),
	('Meegoda', 713, 10),
	('Millaniya', 714, 10),
	('Millewa', 715, 10),
	('Miwanapalana', 716, 10),
	('Molkawa', 717, 10),
	('Morapitiya', 718, 10),
	('Morontuduwa', 719, 10),
	('Nawattuduwa', 720, 10),
	('Neboda', 721, 10),
	('Padagoda', 722, 10),
	('Pahalahewessa', 723, 10),
	('Paiyagala', 724, 10),
	('Panadura', 725, 10),
	('Pannala', 726, 10),
	('Paragastota', 727, 10),
	('Paragoda', 728, 10),
	('Paraigama', 729, 10),
	('Pelanda', 730, 10),
	('Pelawatta', 731, 10),
	('Pimbura', 732, 10),
	('Pitagaldeniya', 733, 10),
	('Pokunuwita', 734, 10),
	('Poruwedanda', 735, 10),
	('Ratmale', 736, 10),
	('Remunagoda', 737, 10),
	('Talgaswela', 738, 10),
	('Tebuwana', 739, 10),
	('Uduwara', 740, 10),
	('Utumgama', 741, 10),
	('Veyangalla', 742, 10),
	('Wadduwa', 743, 10),
	('Walagedara', 744, 10),
	('Walallawita', 745, 10),
	('Waskaduwa', 746, 10),
	('Welipenna', 747, 10),
	('Weliveriya', 748, 10),
	('Welmilla Junction', 749, 10),
	('Weragala', 750, 10),
	('Yagirala', 751, 10),
	('Yatadolawatta', 752, 10),
	('Yatawara Junction', 753, 10),
	('Aludeniya', 754, 11),
	('Ambagahapelessa', 755, 11),
	('Ambagamuwa Udabulathgama', 756, 11),
	('Ambatenna', 757, 11),
	('Ampitiya', 758, 11),
	('Ankumbura', 759, 11),
	('Atabage', 760, 11),
	('Balana', 761, 11),
	('Bambaragahaela', 762, 11),
	('Batagolladeniya', 763, 11),
	('Batugoda', 764, 11),
	('Batumulla', 765, 11),
	('Bawlana', 766, 11),
	('Bopana', 767, 11),
	('Danture', 768, 11),
	('Dedunupitiya', 769, 11),
	('Dekinda', 770, 11),
	('Deltota', 771, 11),
	('Divulankadawala', 772, 11),
	('Dolapihilla', 773, 11),
	('Dolosbage', 774, 11),
	('Dunuwila', 775, 11),
	('Etulgama', 776, 11),
	('Galaboda', 777, 11),
	('Galagedara', 778, 11),
	('Galaha', 779, 11),
	('Galhinna', 780, 11),
	('Gampola', 781, 11),
	('Gelioya', 782, 11),
	('Godamunna', 783, 11),
	('Gomagoda', 784, 11),
	('Gonagantenna', 785, 11),
	('Gonawalapatana', 786, 11),
	('Gunnepana', 787, 11),
	('Gurudeniya', 788, 11),
	('Hakmana', 789, 11),
	('Handaganawa', 790, 11),
	('Handawalapitiya', 791, 11),
	('Handessa', 792, 11),
	('Hanguranketha', 793, 20),
	('Harangalagama', 794, 11),
	('Hataraliyadda', 795, 11),
	('Hindagala', 796, 11),
	('Hondiyadeniya', 797, 11),
	('Hunnasgiriya', 798, 11),
	('Inguruwatta', 799, 11),
	('Jambugahapitiya', 800, 11),
	('Kadugannawa', 801, 11),
	('Kahataliyadda', 802, 11),
	('Kalugala', 803, 11),
	('Kandy', 804, 11),
	('Kapuliyadde', 805, 11),
	('Katugastota', 806, 11),
	('Katukitula', 807, 11),
	('Kelanigama', 808, 11),
	('Kengalla', 809, 11),
	('Ketaboola', 810, 11),
	('Ketakumbura', 811, 11),
	('Kobonila', 812, 11),
	('Kolabissa', 813, 11),
	('Kolongoda', 814, 11),
	('Kulugammana', 815, 11),
	('Kumbukkandura', 816, 11),
	('Kumburegama', 817, 11),
	('Kundasale', 818, 11),
	('Leemagahakotuwa', 819, 11),
	('Ihala Kobbekaduwa', 820, 11),
	('Lunugama', 821, 11),
	('Lunuketiya Maditta', 822, 11),
	('Madawala Bazaar', 823, 11),
	('Madawalalanda', 824, 11),
	('Madugalla', 825, 11),
	('Madulkele', 826, 11),
	('Mahadoraliyadda', 827, 11),
	('Mahamedagama', 828, 11),
	('Mahanagapura', 829, 11),
	('Mailapitiya', 830, 11),
	('Makkanigama', 831, 11),
	('Makuldeniya', 832, 11),
	('Mangalagama', 833, 11),
	('Mapakanda', 834, 11),
	('Marassana', 835, 11),
	('Marymount Colony', 836, 20),
	('Mawatura', 837, 11),
	('Medamahanuwara', 838, 11),
	('Medawala Harispattuwa', 839, 11),
	('Meetalawa', 840, 11),
	('Megoda Kalugamuwa', 841, 11),
	('Menikdiwela', 842, 11),
	('Menikhinna', 843, 11),
	('Mimure', 844, 11),
	('Minigamuwa', 845, 11),
	('Minipe', 846, 11),
	('Moragahapallama', 847, 11),
	('Murutalawa', 848, 11),
	('Muruthagahamulla', 849, 11),
	('Nanuoya', 850, 11),
	('Naranpanawa', 851, 11),
	('Narawelpita', 852, 11),
	('Nawalapitiya', 853, 11),
	('Nawathispane', 854, 11),
	('Nillambe', 855, 11),
	('Nugaliyadda', 856, 11),
	('Ovilikanda', 857, 11),
	('Pallekotuwa', 858, 11),
	('Panwilatenna', 859, 11),
	('Paradeka', 860, 11),
	('Pasbage', 861, 11),
	('Pattitalawa', 862, 11),
	('Peradeniya', 863, 11),
	('Pilimatalawa', 864, 11),
	('Poholiyadda', 865, 11),
	('Pubbiliya', 866, 11),
	('Pupuressa', 867, 11),
	('Pussellawa', 868, 11),
	('Putuhapuwa', 869, 11),
	('Rajawella', 870, 11),
	('Rambukpitiya', 871, 11),
	('Rambukwella', 872, 11),
	('Rangala', 873, 11),
	('Rantembe', 874, 11),
	('Sangarajapura', 875, 11),
	('Senarathwela', 876, 11),
	('Talatuoya', 877, 11),
	('Teldeniya', 878, 11),
	('Tennekumbura', 879, 11),
	('Uda Peradeniya', 880, 11),
	('Udahentenna', 881, 11),
	('Udatalawinna', 882, 11),
	('Udispattuwa', 883, 11),
	('Ududumbara', 884, 11),
	('Uduwahinna', 885, 11),
	('Uduwela', 886, 11),
	('Ulapane', 887, 11),
	('Unuwinna', 888, 11),
	('Velamboda', 889, 11),
	('Watagoda', 890, 11),
	('Watagoda Harispattuwa', 891, 11),
	('Wattappola', 892, 11),
	('Weligampola', 893, 11),
	('Wendaruwa', 894, 11),
	('Weragantota', 895, 11),
	('Werapitya', 896, 11),
	('Werellagama', 897, 11),
	('Wettawa', 898, 11),
	('Yahalatenna', 899, 11),
	('Yatihalagala', 900, 11),
	('Alawala', 901, 12),
	('Alawatura', 902, 12),
	('Alawwa', 903, 12),
	('Algama', 904, 12),
	('Alutnuwara', 905, 12),
	('Ambalakanda', 906, 12),
	('Ambulugala', 907, 12),
	('Amitirigala', 908, 12),
	('Ampagala', 909, 12),
	('Anhandiya', 910, 12),
	('Anhettigama', 911, 12),
	('Aranayaka', 912, 12),
	('Aruggammana', 913, 12),
	('Batuwita', 914, 12),
	('Beligala(Sab)', 915, 12),
	('Belihuloya', 916, 12),
	('Berannawa', 917, 12),
	('Bopitiya', 918, 12),
	('Bopitiya (SAB)', 919, 12),
	('Boralankada', 920, 12),
	('Bossella', 921, 12),
	('Bulathkohupitiya', 922, 12),
	('Damunupola', 923, 12),
	('Debathgama', 924, 12),
	('Dedugala', 925, 12),
	('Deewala Pallegama', 926, 12),
	('Dehiowita', 927, 12),
	('Deldeniya', 928, 12),
	('Deloluwa', 929, 12),
	('Deraniyagala', 930, 12),
	('Dewalegama', 931, 12),
	('Dewanagala', 932, 12),
	('Dombemada', 933, 12),
	('Dorawaka', 934, 12),
	('Dunumala', 935, 12),
	('Galapitamada', 936, 12),
	('Galatara', 937, 12),
	('Galigamuwa Town', 938, 12),
	('Gallella', 939, 12),
	('Galpatha(Sab)', 940, 12),
	('Gantuna', 941, 12),
	('Getahetta', 942, 12),
	('Godagampola', 943, 12),
	('Gonagala', 944, 12),
	('Hakahinna', 945, 12),
	('Hakbellawaka', 946, 12),
	('Halloluwa', 947, 12),
	('Hedunuwewa', 948, 12),
	('Hemmatagama', 949, 12),
	('Hewadiwela', 950, 12),
	('Hingula', 951, 12),
	('Hinguralakanda', 952, 12),
	('Hingurana', 953, 12),
	('Hiriwadunna', 954, 12),
	('Ihala Walpola', 955, 12),
	('Ihalagama', 956, 12),
	('Imbulana', 957, 12),
	('Imbulgasdeniya', 958, 12),
	('Kabagamuwa', 959, 12),
	('Kahapathwala', 960, 12),
	('Kandaketya', 961, 12),
	('Kannattota', 962, 12),
	('Karagahinna', 963, 12),
	('Kegalle', 964, 12),
	('Kehelpannala', 965, 12),
	('Ketawala Leula', 966, 12),
	('Kitulgala', 967, 12),
	('Kondeniya', 968, 12),
	('Kotiyakumbura', 969, 12),
	('Lewangama', 970, 12),
	('Mahabage', 971, 12),
	('Makehelwala', 972, 12),
	('Malalpola', 973, 12),
	('Maldeniya', 974, 12),
	('Maliboda', 975, 12),
	('Maliyadda', 976, 12),
	('Malmaduwa', 977, 12),
	('Marapana', 978, 12),
	('Mawanella', 979, 12),
	('Meetanwala', 980, 12),
	('Migastenna Sabara', 981, 12),
	('Miyanawita', 982, 12),
	('Molagoda', 983, 12),
	('Morontota', 984, 12),
	('Narangala', 985, 12),
	('Narangoda', 986, 12),
	('Nattarampotha', 987, 12),
	('Nelundeniya', 988, 12),
	('Niyadurupola', 989, 12),
	('Noori', 990, 12),
	('Pannila', 991, 12),
	('Pattampitiya', 992, 12),
	('Pilawala', 993, 12),
	('Pothukoladeniya', 994, 12),
	('Puswelitenna', 995, 12),
	('Rambukkana', 996, 12),
	('Rilpola', 997, 12),
	('Rukmale', 998, 12),
	('Ruwanwella', 999, 12),
	('Samanalawewa', 1000, 12),
	('Seaforth Colony', 1001, 12),
	('Colombo 2', 1002, 5),
	('Spring Valley', 1003, 12),
	('Talgaspitiya', 1004, 12),
	('Teligama', 1005, 12),
	('Tholangamuwa', 1006, 12),
	('Thotawella', 1007, 12),
	('Udaha Hawupe', 1008, 12),
	('Udapotha', 1009, 12),
	('Uduwa', 1010, 12),
	('Undugoda', 1011, 12),
	('Ussapitiya', 1012, 12),
	('Wahakula', 1013, 12),
	('Waharaka', 1014, 12),
	('Wanaluwewa', 1015, 12),
	('Warakapola', 1016, 12),
	('Watura', 1017, 12),
	('Weeoya', 1018, 12),
	('Wegalla', 1019, 12),
	('Weligalla', 1020, 12),
	('Welihelatenna', 1021, 12),
	('Wewelwatta', 1022, 12),
	('Yatagama', 1023, 12),
	('Yatapana', 1024, 12),
	('Yatiyantota', 1025, 12),
	('Yattogoda', 1026, 12),
	('Kandavalai', 1027, 13),
	('Karachchi', 1028, 13),
	('Kilinochchi', 1029, 13),
	('Pachchilaipalli', 1030, 13),
	('Poonakary', 1031, 13),
	('Akurana', 1032, 11),
	('Alahengama', 1033, 14),
	('Alahitiyawa', 1034, 14),
	('Ambakote', 1035, 14),
	('Ambanpola', 1036, 14),
	('Andiyagala', 1037, 14),
	('Anukkane', 1038, 14),
	('Aragoda', 1039, 14),
	('Ataragalla', 1040, 14),
	('Awulegama', 1041, 14),
	('Balalla', 1042, 14),
	('Bamunukotuwa', 1043, 14),
	('Bandara Koswatta', 1044, 14),
	('Bingiriya', 1045, 14),
	('Bogamulla', 1046, 14),
	('Boraluwewa', 1047, 14),
	('Boyagane', 1048, 14),
	('Bujjomuwa', 1049, 14),
	('Buluwala', 1050, 14),
	('Dadayamtalawa', 1051, 14),
	('Dambadeniya', 1052, 14),
	('Daraluwa', 1053, 14),
	('Deegalla', 1054, 14),
	('Demataluwa', 1055, 14),
	('Demuwatha', 1056, 14),
	('Diddeniya', 1057, 14),
	('Digannewa', 1058, 14),
	('Divullegoda', 1059, 14),
	('Diyasenpura', 1060, 14),
	('Dodangaslanda', 1061, 14),
	('Doluwa', 1062, 14),
	('Doragamuwa', 1063, 14),
	('Doratiyawa', 1064, 14),
	('Dunumadalawa', 1065, 14),
	('Dunuwilapitiya', 1066, 14),
	('Ehetuwewa', 1067, 14),
	('Elibichchiya', 1068, 14),
	('Embogama', 1069, 14),
	('Etungahakotuwa', 1070, 14),
	('Galadivulwewa', 1071, 14),
	('Galgamuwa', 1072, 14),
	('Gallellagama', 1073, 14),
	('Gallewa', 1074, 14),
	('Ganegoda', 1075, 14),
	('Girathalana', 1076, 14),
	('Gokaralla', 1077, 14),
	('Gonawila', 1078, 14),
	('Halmillawewa', 1079, 14),
	('Handungamuwa', 1080, 14),
	('Harankahawa', 1081, 14),
	('Helamada', 1082, 14),
	('Hengamuwa', 1083, 14),
	('Hettipola', 1084, 14),
	('Hewainna', 1085, 14),
	('Hilogama', 1086, 14),
	('Hindagolla', 1087, 14),
	('Hiriyala Lenawa', 1088, 14),
	('Hiruwalpola', 1089, 14),
	('Horambawa', 1090, 14),
	('Hulogedara', 1091, 14),
	('Hulugalla', 1092, 14),
	('Ihala Gomugomuwa', 1093, 14),
	('Ihala Katugampala', 1094, 14),
	('Indulgodakanda', 1095, 14),
	('Ithanawatta', 1096, 14),
	('Kadigawa', 1097, 14),
	('Kalankuttiya', 1098, 14),
	('Kalatuwawa', 1099, 14),
	('Kalugamuwa', 1100, 14),
	('Kanadeniyawala', 1101, 14),
	('Kanattewewa', 1102, 14),
	('Kandegedara', 1103, 14),
	('Karagahagedara', 1104, 14),
	('Karambe', 1105, 14),
	('Katiyawa', 1106, 14),
	('Katupota', 1107, 14),
	('Kawudulla', 1108, 14),
	('Kawuduluwewa Stagell', 1109, 14),
	('Kekunagolla', 1110, 14),
	('Keppitiwalana', 1111, 14),
	('Kimbulwanaoya', 1112, 14),
	('Kirimetiyawa', 1113, 14),
	('Kirindawa', 1114, 14),
	('Kirindigalla', 1115, 14),
	('Kithalawa', 1116, 14),
	('Kitulwala', 1117, 14),
	('Kobeigane', 1118, 14),
	('Kohilagedara', 1119, 14),
	('Konwewa', 1120, 14),
	('Kosdeniya', 1121, 14),
	('Kosgolla', 1122, 14),
	('Kotagala', 1123, 14),
	('Colombo 13', 1124, 5),
	('Kotawehera', 1125, 14),
	('Kudagalgamuwa', 1126, 14),
	('Kudakatnoruwa', 1127, 14),
	('Kuliyapitiya', 1128, 14),
	('Kumaragama', 1129, 14),
	('Kumbukgeta', 1130, 14),
	('Kumbukwewa', 1131, 14),
	('Kuratihena', 1132, 14),
	('Kurunegala', 1133, 14),
	('Ibbagamuwa', 1134, 14),
	('Ihala Kadigamuwa', 1135, 14),
	('Lihiriyagama', 1136, 14),
	('Illagolla', 1137, 14),
	('Ilukhena', 1138, 14),
	('Lonahettiya', 1139, 14),
	('Madahapola', 1140, 14),
	('Madakumburumulla', 1141, 14),
	('Madalagama', 1142, 14),
	('Madawala Ulpotha', 1143, 14),
	('Maduragoda', 1144, 14),
	('Maeliya', 1145, 14),
	('Magulagama', 1146, 14),
	('Maha Ambagaswewa', 1147, 14),
	('Mahagalkadawala', 1148, 14),
	('Mahagirilla', 1149, 14),
	('Mahamukalanyaya', 1150, 14),
	('Mahananneriya', 1151, 14),
	('Mahapallegama', 1152, 14),
	('Maharachchimulla', 1153, 14),
	('Mahatalakolawewa', 1154, 14),
	('Mahawewa', 1155, 14),
	('Maho', 1156, 14),
	('Makulewa', 1157, 14),
	('Makulpotha', 1158, 14),
	('Makulwewa', 1159, 14),
	('Malagane', 1160, 14),
	('Mandapola', 1161, 14),
	('Maspotha', 1162, 14),
	('Mawathagama', 1163, 14),
	('Medirigiriya', 1164, 14),
	('Medivawa', 1165, 14),
	('Meegalawa', 1166, 14),
	('Meegaswewa', 1167, 14),
	('Meewellawa', 1168, 14),
	('Melsiripura', 1169, 14),
	('Metikumbura', 1170, 14),
	('Metiyagane', 1171, 14),
	('Minhettiya', 1172, 14),
	('Minuwangete', 1173, 14),
	('Mirihanagama', 1174, 14),
	('Monnekulama', 1175, 14),
	('Moragane', 1176, 14),
	('Moragollagama', 1177, 14),
	('Morathiha', 1178, 14),
	('Munamaldeniya', 1179, 14),
	('Muruthenge', 1180, 14),
	('Mutugala', 1181, 14),
	('Nabadewa', 1182, 14),
	('Nagollagama', 1183, 14),
	('Nagollagoda', 1184, 14),
	('Nakkawatta', 1185, 14),
	('Narammala', 1186, 14),
	('Nawasenapura', 1187, 14),
	('Nawatalwatta', 1188, 14),
	('Nelliya', 1189, 14),
	('Nikaweratiya', 1190, 14),
	('Nugagolla', 1191, 14),
	('Nugawela', 1192, 14),
	('Padeniya', 1193, 14),
	('Padiwela', 1194, 14),
	('Pahalagiribawa', 1195, 14),
	('Pahamune', 1196, 14),
	('Palagala', 1197, 14),
	('Palapathwela', 1198, 14),
	('Palaviya', 1199, 14),
	('Pallewela', 1200, 14),
	('Palukadawala', 1201, 14),
	('Panadaragama', 1202, 14),
	('Panagamuwa', 1203, 14),
	('Panaliya', 1204, 14),
	('Panapitiya', 1205, 14),
	('Panliyadda', 1206, 14),
	('Pansiyagama', 1207, 14),
	('Parape', 1208, 14),
	('Pathanewatta', 1209, 14),
	('Pattiya Watta', 1210, 14),
	('Perakanatta', 1211, 14),
	('Periyakadneluwa', 1212, 14),
	('Pihimbiya Ratmale', 1213, 14),
	('Pihimbuwa', 1214, 14),
	('Pilessa', 1215, 14),
	('Polgahawela', 1216, 14),
	('Polgolla', 1217, 14),
	('Polpithigama', 1218, 14),
	('Pothuhera', 1219, 14),
	('Pothupitiya', 1220, 14),
	('Pujapitiya', 1221, 14),
	('Rakwana', 1222, 14),
	('Ranorawa', 1223, 14),
	('Rathukohodigala', 1224, 14),
	('Ridibendiella', 1225, 14),
	('Ridigama', 1226, 14),
	('Saliya Asokapura', 1227, 14),
	('Sandalankawa', 1228, 14),
	('Sevanapitiya', 1229, 14),
	('Sirambiadiya', 1230, 14),
	('Sirisetagama', 1231, 14),
	('Siyambalangamuwa', 1232, 14),
	('Siyambalawewa', 1233, 14),
	('Solepura', 1234, 14),
	('Solewewa', 1235, 14),
	('Sunandapura', 1236, 14),
	('Talawattegedara', 1237, 14),
	('Tambutta', 1238, 14),
	('Tennepanguwa', 1239, 14),
	('Thalahitimulla', 1240, 14),
	('Thalakolawewa', 1241, 14),
	('Thalwita', 1242, 14),
	('Tharana Udawela', 1243, 14),
	('Thimbiriyawa', 1244, 14),
	('Tisogama', 1245, 14),
	('Thorayaya', 1246, 14),
	('Tulhiriya', 1247, 14),
	('Tuntota', 1248, 14),
	('Tuttiripitigama', 1249, 14),
	('Udagaldeniya', 1250, 14),
	('Udahingulwala', 1251, 14),
	('Udawatta', 1252, 14),
	('Udubaddawa', 1253, 14),
	('Udumulla', 1254, 14),
	('Uhumiya', 1255, 14),
	('Ulpotha Pallekele', 1256, 14),
	('Ulpothagama', 1257, 14),
	('Usgala Siyabmalangamuwa', 1258, 14),
	('Vijithapura', 1259, 14),
	('Wadakada', 1260, 14),
	('Wadumunnegedara', 1261, 14),
	('Walakumburumulla', 1262, 14),
	('Wannigama', 1263, 14),
	('Wannikudawewa', 1264, 14),
	('Wannilhalagama', 1265, 14),
	('Wannirasnayakapura', 1266, 14),
	('Warawewa', 1267, 14),
	('Wariyapola', 1268, 14),
	('Watareka', 1269, 14),
	('Wattegama', 1270, 14),
	('Watuwatta', 1271, 14),
	('Weerapokuna', 1272, 14),
	('Welawa Juncton', 1273, 14),
	('Welipennagahamulla', 1274, 14),
	('Wellagala', 1275, 14),
	('Wellarawa', 1276, 14),
	('Wellawa', 1277, 14),
	('Welpalla', 1278, 14),
	('Wennoruwa', 1279, 14),
	('Weuda', 1280, 14),
	('Wewagama', 1281, 14),
	('Wilgamuwa', 1282, 14),
	('Yakwila', 1283, 14),
	('Yatigaloluwa', 1284, 14),
	('Mannar', 1285, 15),
	('Puthukudiyiruppu', 1286, 15),
	('Akuramboda', 1287, 16),
	('Alawatuwala', 1288, 16),
	('Alwatta', 1289, 16),
	('Ambana', 1290, 16),
	('Aralaganwila', 1291, 16),
	('Ataragallewa', 1292, 16),
	('Bambaragaswewa', 1293, 16),
	('Barawardhana Oya', 1294, 16),
	('Beligamuwa', 1295, 16),
	('Damana', 1296, 16),
	('Dambulla', 1297, 16),
	('Damminna', 1298, 16),
	('Dankanda', 1299, 16),
	('Delwite', 1300, 16),
	('Devagiriya', 1301, 16),
	('Dewahuwa', 1302, 16),
	('Divuldamana', 1303, 16),
	('Dullewa', 1304, 16),
	('Dunkolawatta', 1305, 16),
	('Elkaduwa', 1306, 16),
	('Erawula Junction', 1307, 16),
	('Etanawala', 1308, 16),
	('Galewela', 1309, 16),
	('Galoya Junction', 1310, 16),
	('Gammaduwa', 1311, 16),
	('Gangala Puwakpitiya', 1312, 16),
	('Hasalaka', 1313, 16),
	('Hattota Amuna', 1314, 16),
	('Imbulgolla', 1315, 16),
	('Inamaluwa', 1316, 16),
	('Iriyagolla', 1317, 16),
	('Kaikawala', 1318, 16),
	('Kalundawa', 1319, 16),
	('Kandalama', 1320, 16),
	('Kavudupelella', 1321, 16),
	('Kibissa', 1322, 16),
	('Kiwula', 1323, 16),
	('Kongahawela', 1324, 16),
	('Laggala Pallegama', 1325, 16),
	('Leliambe', 1326, 16),
	('Lenadora', 1327, 16),
	('Ihala Halmillewa', 1328, 16),
	('Illukkumbura', 1329, 16),
	('Madipola', 1330, 16),
	('Mahawela', 1332, 16),
	('Mananwatta', 1333, 16),
	('Maraka', 1334, 16),
	('Matale', 1335, 16),
	('Melipitiya', 1336, 16),
	('Metihakka', 1337, 16),
	('Millawana', 1338, 16),
	('Muwandeniya', 1339, 16),
	('Nalanda', 1340, 16),
	('Naula', 1341, 16),
	('Opalgala', 1342, 16),
	('Pallepola', 1343, 16),
	('Pimburattewa', 1344, 16),
	('Pulastigama', 1345, 16),
	('Ranamuregama', 1346, 16),
	('Rattota', 1347, 16),
	('Selagama', 1348, 16),
	('Sigiriya', 1349, 16),
	('Sinhagama', 1350, 16),
	('Sungavila', 1351, 16),
	('Talagoda Junction', 1352, 16),
	('Talakiriyagama', 1353, 16),
	('Tamankaduwa', 1354, 16),
	('Udasgiriya', 1355, 16),
	('Udatenna', 1356, 16),
	('Ukuwela', 1357, 16),
	('Wahacotte', 1358, 16),
	('Walawela', 1359, 16),
	('Wehigala', 1360, 16),
	('Welangahawatte', 1361, 16),
	('Wewalawewa', 1362, 16),
	('Yatawatta', 1363, 16),
	('Akuressa', 1364, 17),
	('Alapaladeniya', 1365, 17),
	('Aparekka', 1366, 17),
	('Athuraliya', 1367, 17),
	('Bengamuwa', 1368, 17),
	('Bopagoda', 1369, 17),
	('Dampahala', 1370, 17),
	('Deegala Lenama', 1371, 17),
	('Deiyandara', 1372, 17),
	('Denagama', 1373, 17),
	('Denipitiya', 1374, 17),
	('Deniyaya', 1375, 17),
	('Derangala', 1376, 17),
	('Devinuwara (Dondra)', 1377, 17),
	('Dikwella', 1378, 17),
	('Diyagaha', 1379, 17),
	('Diyalape', 1380, 17),
	('Gandara', 1381, 17),
	('Godapitiya', 1382, 17),
	('Gomilamawarala', 1383, 17),
	('Hawpe', 1384, 17),
	('Horapawita', 1385, 17),
	('Kalubowitiyana', 1386, 17),
	('Kamburugamuwa', 1387, 17),
	('Kamburupitiya', 1388, 17),
	('Karagoda Uyangoda', 1389, 17),
	('Karaputugala', 1390, 17),
	('Karatota', 1391, 17),
	('Kekanadura', 1392, 17),
	('Kiriweldola', 1393, 17),
	('Kiriwelkele', 1394, 17),
	('Kolawenigama', 1395, 17),
	('Kotapola', 1396, 17),
	('Lankagama', 1397, 17),
	('Makandura', 1398, 17),
	('Maliduwa', 1399, 17),
	('Maramba', 1400, 17),
	('Matara', 1401, 17),
	('Mediripitiya', 1402, 17),
	('Miella', 1403, 17),
	('Mirissa', 1404, 17),
	('Morawaka', 1405, 17),
	('Mulatiyana Junction', 1406, 17),
	('Nadugala', 1407, 17),
	('Naimana', 1408, 17),
	('Palatuwa', 1409, 17),
	('Parapamulla', 1410, 17),
	('Pasgoda', 1411, 17),
	('Penetiyana', 1412, 17),
	('Pitabeddara', 1413, 17),
	('Puhulwella', 1414, 17),
	('Radawela', 1415, 17),
	('Ransegoda', 1416, 17),
	('Rotumba', 1417, 17),
	('Sultanagoda', 1418, 17),
	('Telijjawila', 1419, 17),
	('Thihagoda', 1420, 17),
	('Urubokka', 1421, 17),
	('Urugamuwa', 1422, 17),
	('Urumutta', 1423, 17),
	('Viharahena', 1424, 17),
	('Walakanda', 1425, 17),
	('Walasgala', 1426, 17),
	('Waralla', 1427, 17),
	('Weligama', 1428, 17),
	('Wilpita', 1429, 17),
	('Yatiyana', 1430, 17),
	('Ayiwela', 1431, 18),
	('Badalkumbura', 1432, 18),
	('Baduluwela', 1433, 18),
	('Bakinigahawela', 1434, 18),
	('Balaharuwa', 1435, 18),
	('Bibile', 1436, 18),
	('Buddama', 1437, 18),
	('Buttala', 1438, 18),
	('Dambagalla', 1439, 18),
	('Diyakobala', 1440, 18),
	('Dombagahawela', 1441, 18),
	('Ethimalewewa', 1442, 18),
	('Ettiliwewa', 1443, 18),
	('Galabedda', 1444, 18),
	('Gamewela', 1445, 18),
	('Hambegamuwa', 1446, 18),
	('Hingurukaduwa', 1447, 18),
	('Hulandawa', 1448, 18),
	('Inginiyagala', 1449, 18),
	('Kandaudapanguwa', 1450, 18),
	('Kandawinna', 1451, 18),
	('Kataragama', 1452, 18),
	('Kotagama', 1453, 18),
	('Kotamuduna', 1454, 18),
	('Kotawehera Mankada', 1455, 18),
	('Kudawewa', 1456, 18),
	('Kumbukkana', 1457, 18),
	('Marawa', 1458, 18),
	('Mariarawa', 1459, 18),
	('Medagana', 1460, 18),
	('Medawelagama', 1461, 18),
	('Miyanakandura', 1462, 18),
	('Monaragala', 1463, 18),
	('Moretuwegama', 1464, 18),
	('Nakkala', 1465, 18),
	('Namunukula', 1466, 18),
	('Nannapurawa', 1467, 18),
	('Nelliyadda', 1468, 18),
	('Nilgala', 1469, 18),
	('Obbegoda', 1470, 18),
	('Okkampitiya', 1471, 18),
	('Pangura', 1472, 18),
	('Pitakumbura', 1473, 18),
	('Randeniya', 1474, 18),
	('Ruwalwela', 1475, 18),
	('Sella Kataragama', 1476, 18),
	('Siyambalagune', 1477, 18),
	('Siyambalanduwa', 1478, 18),
	('Suriara', 1479, 18),
	('Thanamalwila', 1480, 18),
	('Uva Gangodagama', 1481, 18),
	('Uva Kudaoya', 1482, 18),
	('Uva Pelwatta', 1483, 18),
	('Warunagama', 1484, 18),
	('Wedikumbura', 1485, 18),
	('Weherayaya Handapanagala', 1486, 18),
	('Wellawaya', 1487, 18),
	('Wilaoya', 1488, 18),
	('Yudaganawa', 1489, 18),
	('Mullativu', 1490, 19),
	('Agarapathana', 1491, 20),
	('Ambatalawa', 1492, 20),
	('Ambewela', 1493, 20),
	('Bogawantalawa', 1494, 20),
	('Bopattalawa', 1495, 20),
	('Dagampitiya', 1496, 20),
	('Dayagama Bazaar', 1497, 20),
	('Dikoya', 1498, 20),
	('Doragala', 1499, 20),
	('Dunukedeniya', 1500, 20),
	('Egodawela', 1501, 20),
	('Ekiriya', 1502, 20),
	('Elamulla', 1503, 20),
	('Ginigathena', 1504, 20),
	('Gonakele', 1505, 20),
	('Haggala', 1506, 20),
	('Halgranoya', 1507, 20),
	('Hangarapitiya', 1508, 20),
	('Hapugasthalawa', 1509, 20),
	('Harasbedda', 1510, 20),
	('Hatton', 1511, 20),
	('Hewaheta', 1512, 20),
	('Hitigegama', 1513, 20),
	('Jangulla', 1514, 20),
	('Kalaganwatta', 1515, 20),
	('Kandapola', 1516, 20),
	('Karandagolla', 1517, 20),
	('Keerthi Bandarapura', 1518, 20),
	('Kiribathkumbura', 1519, 20),
	('Kotiyagala', 1520, 20),
	('Kotmale', 1521, 20),
	('Kottellena', 1522, 20),
	('Kumbalgamuwa', 1523, 20),
	('Kumbukwela', 1524, 20),
	('Kurupanawela', 1525, 20),
	('Labukele', 1526, 20),
	('Laxapana', 1527, 20),
	('Lindula', 1528, 20),
	('Madulla', 1529, 20),
	('Mandaram Nuwara', 1530, 20),
	('Maskeliya', 1531, 20),
	('Maswela', 1532, 20),
	('Maturata', 1533, 20),
	('Mipanawa', 1534, 20),
	('Mipilimana', 1535, 20),
	('Morahenagama', 1536, 20),
	('Munwatta', 1537, 20),
	('Nayapana Janapadaya', 1538, 20),
	('Nildandahinna', 1539, 20),
	('Nissanka Uyana', 1540, 20),
	('Norwood', 1541, 20),
	('Nuwara Eliya', 1542, 20),
	('Padiyapelella', 1543, 20),
	('Pallebowala', 1544, 20),
	('Panvila', 1545, 20),
	('Pitawala', 1546, 20),
	('Pundaluoya', 1547, 20),
	('Ramboda', 1548, 20),
	('Rikillagaskada', 1549, 20),
	('Rozella', 1550, 20),
	('Rupaha', 1551, 20),
	('Ruwaneliya', 1552, 20),
	('Santhipura', 1553, 20),
	('Talawakele', 1554, 20),
	('Tawalantenna', 1555, 20),
	('Teripeha', 1556, 20),
	('Udamadura', 1557, 20),
	('Udapussallawa', 1558, 20),
	('Uva Deegalla', 1559, 20),
	('Uva Uduwara', 1560, 20),
	('Uvaparanagama', 1561, 20),
	('Walapane', 1562, 20),
	('Watawala', 1563, 20),
	('Widulipura', 1564, 20),
	('Wijebahukanda', 1565, 20),
	('Attanakadawala', 1566, 21),
	('Bakamuna', 1567, 21),
	('Diyabeduma', 1568, 21),
	('Elahera', 1569, 21),
	('Giritale', 1570, 21),
	('Hingurakdamana', 1571, 21),
	('Hingurakgoda', 1572, 21),
	('Jayanthipura', 1573, 21),
	('Kalingaela', 1574, 21),
	('Lakshauyana', 1575, 21),
	('Mankemi', 1576, 21),
	('Minneriya', 1577, 21),
	('Onegama', 1578, 21),
	('Orubendi Siyambalawa', 1579, 21),
	('Palugasdamana', 1580, 21),
	('Panichankemi', 1581, 21),
	('Polonnaruwa', 1582, 21),
	('Talpotha', 1583, 21),
	('Tambala', 1584, 21),
	('Unagalavehera', 1585, 21),
	('Wijayabapura', 1586, 21),
	('Adippala', 1587, 22),
	('Alutgama', 1588, 22),
	('Alutwewa', 1589, 22),
	('Ambakandawila', 1590, 22),
	('Anamaduwa', 1591, 22),
	('Andigama', 1592, 22),
	('Angunawila', 1593, 22),
	('Attawilluwa', 1594, 22),
	('Bangadeniya', 1595, 22),
	('Baranankattuwa', 1596, 22),
	('Battuluoya', 1597, 22),
	('Bujjampola', 1598, 22),
	('Chilaw', 1599, 22),
	('Dalukana', 1600, 22),
	('Dankotuwa', 1601, 22),
	('Dewagala', 1602, 22),
	('Dummalasuriya', 1603, 22),
	('Dunkannawa', 1604, 22),
	('Eluwankulama', 1605, 22),
	('Ettale', 1606, 22),
	('Galamuna', 1607, 22),
	('Galmuruwa', 1608, 22),
	('Hansayapalama', 1609, 22),
	('Ihala Kottaramulla', 1610, 22),
	('Ilippadeniya', 1611, 22),
	('Inginimitiya', 1612, 22),
	('Ismailpuram', 1613, 22),
	('Jayasiripura', 1614, 22),
	('Kakkapalliya', 1615, 22),
	('Kalkudah', 1616, 22),
	('Kalladiya', 1617, 22),
	('Kandakuliya', 1618, 22),
	('Karathivu', 1619, 22),
	('Karawitagara', 1620, 22),
	('Karuwalagaswewa', 1621, 22),
	('Katuneriya', 1622, 22),
	('Koswatta', 1623, 22),
	('Kottantivu', 1624, 22),
	('Kottapitiya', 1625, 22),
	('Kottukachchiya', 1626, 22),
	('Kumarakattuwa', 1627, 22),
	('Kurinjanpitiya', 1628, 22),
	('Kuruketiyawa', 1629, 22),
	('Lunuwila', 1630, 22),
	('Madampe', 1631, 22),
	('Madurankuliya', 1632, 22),
	('Mahakumbukkadawala', 1633, 22),
	('Mahauswewa', 1634, 22),
	('Mampitiya', 1635, 22),
	('Mampuri', 1636, 22),
	('Mangalaeliya', 1637, 22),
	('Marawila', 1638, 22),
	('Mudalakkuliya', 1639, 22),
	('Mugunuwatawana', 1640, 22),
	('Mukkutoduwawa', 1641, 22),
	('Mundel', 1642, 22),
	('Muttibendiwila', 1643, 22),
	('Nainamadama', 1644, 22),
	('Nalladarankattuwa', 1645, 22),
	('Nattandiya', 1646, 22),
	('Nawagattegama', 1647, 22),
	('Nelumwewa', 1648, 22),
	('Norachcholai', 1649, 22),
	('Pallama', 1650, 22),
	('Palliwasalturai', 1651, 22),
	('Panirendawa', 1652, 22),
	('Parakramasamudraya', 1653, 22),
	('Pothuwatawana', 1654, 22),
	('Puttalam', 1655, 22),
	('Puttalam Cement Factory', 1656, 22),
	('Rajakadaluwa', 1657, 22),
	('Saliyawewa Junction', 1658, 22),
	('Serukele', 1659, 22),
	('Siyambalagashene', 1660, 22),
	('Tabbowa', 1661, 22),
	('Talawila Church', 1662, 22),
	('Toduwawa', 1663, 22),
	('Udappuwa', 1664, 22),
	('Uridyawa', 1665, 22),
	('Vanathawilluwa', 1666, 22),
	('Waikkal', 1667, 22),
	('Watugahamulla', 1668, 22),
	('Wennappuwa', 1669, 22),
	('Wijeyakatupotha', 1670, 22),
	('Wilpotha', 1671, 22),
	('Yodaela', 1672, 22),
	('Yogiyana', 1673, 22),
	('Akarella', 1674, 23),
	('Amunumulla', 1675, 23),
	('Atakalanpanna', 1676, 23),
	('Ayagama', 1677, 23),
	('Balangoda', 1678, 23),
	('Batatota', 1679, 23),
	('Beralapanathara', 1680, 23),
	('Bogahakumbura', 1681, 23),
	('Bolthumbe', 1682, 23),
	('Bomluwageaina', 1683, 23),
	('Bowalagama', 1684, 23),
	('Bulutota', 1685, 23),
	('Dambuluwana', 1686, 23),
	('Daugala', 1687, 23),
	('Dela', 1688, 23),
	('Delwala', 1689, 23),
	('Dodampe', 1690, 23),
	('Doloswalakanda', 1691, 23),
	('Dumbara Manana', 1692, 23),
	('Eheliyagoda', 1693, 23),
	('Ekamutugama', 1694, 23),
	('Elapatha', 1695, 23),
	('Ellagawa', 1696, 23),
	('Ellaulla', 1697, 23),
	('Ellawala', 1698, 23),
	('Embilipitiya', 1699, 23),
	('Eratna', 1700, 23),
	('Erepola', 1701, 23),
	('Gabbela', 1702, 23),
	('Gangeyaya', 1703, 23),
	('Gawaragiriya', 1704, 23),
	('Gillimale', 1705, 23),
	('Godakawela', 1706, 23),
	('Gurubewilagama', 1707, 23),
	('Halwinna', 1708, 23),
	('Handagiriya', 1709, 23),
	('Hatangala', 1710, 23),
	('Hatarabage', 1711, 23),
	('Hewanakumbura', 1712, 23),
	('Hidellana', 1713, 23),
	('Hiramadagama', 1714, 23),
	('Horewelagoda', 1715, 23),
	('Ittakanda', 1716, 23),
	('Kahangama', 1717, 23),
	('Kahawatta', 1718, 23),
	('Kalawana', 1719, 23),
	('Kaltota', 1720, 23),
	('Kalubululanda', 1721, 23),
	('Kananke Bazaar', 1722, 23),
	('Kandepuhulpola', 1723, 23),
	('Karandana', 1724, 23),
	('Karangoda', 1725, 23),
	('Kella Junction', 1726, 23),
	('Keppetipola', 1727, 23),
	('Kiriella', 1728, 23),
	('Kiriibbanwewa', 1729, 23),
	('Kolambage Ara', 1730, 23),
	('Kolombugama', 1731, 23),
	('Kolonna', 1732, 23),
	('Kudawa', 1733, 23),
	('Kuruwita', 1734, 23),
	('Lellopitiya', 1735, 23),
	('Imaduwa', 1736, 23),
	('Imbulpe', 1737, 23),
	('Mahagama Colony', 1738, 23),
	('Mahawalatenna', 1739, 23),
	('Makandura', 1740, 23),
	('Malwala Junction', 1741, 23),
	('Malwatta', 1742, 23),
	('Matuwagalagama', 1743, 23),
	('Medagalature', 1744, 23),
	('Meddekanda', 1745, 23),
	('Minipura Dumbara', 1746, 23),
	('Mitipola', 1747, 23),
	('Moragala Kirillapone', 1748, 23),
	('Morahela', 1749, 23),
	('Mulendiyawala', 1750, 23),
	('Mulgama', 1751, 23),
	('Nawalakanda', 1752, 23),
	('Nawinnapinnakanda', 1753, 23),
	('Niralagama', 1754, 23),
	('Nivitigala', 1755, 23),
	('Omalpe', 1756, 23),
	('Opanayaka', 1757, 23),
	('Padalangala', 1758, 23),
	('Pallebedda', 1759, 23),
	('Pallekanda', 1760, 23),
	('Pambagolla', 1761, 23),
	('Panamura', 1762, 23),
	('Panapola', 1763, 23),
	('Paragala', 1764, 23),
	('Parakaduwa', 1765, 23),
	('Pebotuwa', 1766, 23),
	('Pelmadulla', 1767, 23),
	('Pinnawala', 1768, 23),
	('Pothdeniya', 1769, 23),
	('Rajawaka', 1770, 23),
	('Ranwala', 1771, 23),
	('Rassagala', 1772, 23),
	('Rathgama', 1773, 23),
	('Ratna Hangamuwa', 1774, 23),
	('Ratnapura', 1775, 23),
	('Sewanagala', 1776, 23),
	('Sri Palabaddala', 1777, 23),
	('Sudagala', 1778, 23),
	('Thalakolahinna', 1779, 23),
	('Thanjantenna', 1780, 23),
	('Theppanawa', 1781, 23),
	('Thunkama', 1782, 23),
	('Udakarawita', 1783, 23),
	('Udaniriella', 1784, 23),
	('Udawalawe', 1785, 23),
	('Ullinduwawa', 1786, 23),
	('Veddagala', 1787, 23),
	('Vijeriya', 1788, 23),
	('Waleboda', 1789, 23),
	('Watapotha', 1790, 23),
	('Waturawa', 1791, 23),
	('Weligepola', 1792, 23),
	('Welipathayaya', 1793, 23),
	('Wikiliya', 1794, 23),
	('Agbopura', 1795, 24),
	('Buckmigama', 1796, 24),
	('China Bay', 1797, 24),
	('Dehiwatte', 1798, 24),
	('Echchilampattai', 1799, 24),
	('Galmetiyawa', 1800, 24),
	('Gomarankadawala', 1801, 24),
	('Kaddaiparichchan', 1802, 24),
	('Kallar', 1803, 24),
	('Kanniya', 1804, 24),
	('Kantalai', 1805, 24),
	('Kantalai Sugar Factory', 1806, 24),
	('Kiliveddy', 1807, 24),
	('Kinniya', 1808, 24),
	('Kuchchaveli', 1809, 24),
	('Kumburupiddy', 1810, 24),
	('Kurinchakerny', 1811, 24),
	('Lankapatuna', 1812, 24),
	('Mahadivulwewa', 1813, 24),
	('Maharugiramam', 1814, 24),
	('Mallikativu', 1815, 24),
	('Mawadichenai', 1816, 24),
	('Mullipothana', 1817, 24),
	('Mutur', 1818, 24),
	('Neelapola', 1819, 24),
	('Nilaveli', 1820, 24),
	('Pankulam', 1821, 24),
	('Pulmoddai', 1822, 24),
	('Rottawewa', 1823, 24),
	('Sampaltivu', 1824, 24),
	('Sampoor', 1825, 24),
	('Serunuwara', 1826, 24),
	('Seruwila', 1827, 24),
	('Sirajnagar', 1828, 24),
	('Somapura', 1829, 24),
	('Tampalakamam', 1830, 24),
	('Thuraineelavanai', 1831, 24),
	('Tiriyayi', 1832, 24),
	('Toppur', 1833, 24),
	('Trincomalee', 1834, 24),
	('Wanela', 1835, 24),
	('Vavuniya', 1836, 25),
	('Colombo 1', 1837, 5),
	('Colombo 3', 1838, 5),
	('Colombo 4', 1839, 5),
	('Colombo 5', 1840, 5),
	('Colombo 7', 1841, 5),
	('Colombo 9', 1842, 5),
	('Colombo 10', 1843, 5),
	('Colombo 11', 1844, 5),
	('Colombo 12', 1845, 5),
	('Colombo 14', 1846, 5),
	('Colombo Secretariant', 1847, 5),
	('Melle Street', 1848, 5),
	('Rifel Street', 1849, 5),
	('Gem & Jewelry', 1850, 5),
	('Torington Square', 1851, 5),
	('National Museum of Colombo', 1852, 5),
	('Colombo Labour Sec', 1853, 5),
	('Polhengoda', 1854, 5),
	('Anderson Plats', 1855, 5),
	('Keppetipola Mawatha', 1856, 5),
	('Narahenpita', 1857, 5),
	('Kirulapana', 1858, 5),
	('University of Colombo', 1859, 5),
	('Colombo General Hospital', 1860, 5),
	('Gothami Road', 1861, 5),
	('Wanathamulla', 1862, 5),
	('Baseline Road', 1863, 5),
	('Kopiyawatta', 1864, 5),
	('Maligawatta', 1865, 5),
	('Panchikawatte', 1866, 5),
	('Sarasavipaya', 1867, 5),
	('Maligakanda', 1868, 5),
	('Wolfendal Street', 1869, 5),
	('Pettah Bus Stand', 1870, 5),
	('Colombo Kachcheri', 1871, 5),
	('Armour Street', 1872, 5),
	('St. Anthony\'s', 1873, 5),
	('Miraniya Street', 1874, 5),
	('Wasala Road', 1875, 5),
	('Nagalagam Street', 1876, 5),
	('Aluth Mawatha Road', 1877, 5),
	('Mutwal South', 1878, 5),
	('Beddagana', 1879, 5),
	('Madiwela', 1880, 5),
	('Sri Perakumpura', 1881, 5),
	('Mirihana North', 1882, 5),
	('Nawala-Koswatte', 1883, 5),
	('Nawala', 1884, 5),
	('Rajagiriya', 1885, 5),
	('Parliament of Sri Lanka', 1886, 5),
	('Obeysekarapura', 1887, 5),
	('Kalapaluwawa', 1888, 5),
	('Talangama North', 1889, 5),
	('Talangama South', 1890, 5),
	('Jayawardhenegama', 1891, 5),
	('Isurupaya', 1892, 5),
	('Sethsiripaya', 1893, 5),
	('Malabe', 1894, 5),
	('Oruwala', 1895, 5),
	('Panagoda Army Camp', 1896, 5),
	('Magammana-Dolekade', 1897, 5),
	('Homagama Town', 1898, 5),
	('Godagama Junction', 1899, 5),
	('Panagoda', 1900, 5),
	('Galawilawaththa', 1901, 5),
	('Kottawa', 1902, 5),
	('Pelenwatta', 1903, 5),
	('Arawwala West', 1904, 5),
	('Kottawa North', 1905, 5),
	('Rukmale-Pannipitiya', 1906, 5),
	('Malapalla', 1907, 5),
	('Mattegoda', 1908, 5),
	('Mirihana', 1909, 5),
	('Udahamulla', 1910, 5),
	('Kohuwala', 1911, 5),
	('Pamunuwa-Patiragoda', 1912, 5),
	('Sudanapura', 1913, 5),
	('Nawinna', 1914, 5),
	('Vidyodaya University', 1915, 5),
	('Pepiliyana', 1916, 5),
	('Katuwawala', 1917, 5),
	('Suwarapola', 1918, 5),
	('Gorakapitiya', 1919, 5),
	('Makandana', 1920, 5),
	('Kesbewa', 1921, 5),
	('Bokundara', 1922, 5),
	('Kahathuduwa', 1923, 5),
	('Ratmalana North', 1924, 5),
	('Sirimal Uyana', 1925, 5),
	('Ratmalana', 1926, 5),
	('Koralawella', 1927, 5),
	('Egodauyana North', 1928, 5),
	('Egodauyana South', 1929, 5),
	('Indibedda', 1930, 5),
	('Moratumulla', 1931, 5),
	('Rawathawatta', 1932, 5),
	('Willorawatta', 1933, 5),
	('Lunawa', 1934, 5),
	('Laksapatiya', 1935, 5),
	('Angulana', 1936, 5),
	('Kaldemulla', 1937, 5),
	('Katubedda', 1938, 5),
	('Liyanwala', 1939, 5),
	('Poregedara', 1940, 5),
	('Dampe', 1941, 5),
	('Malagala', 1942, 5),
	('Meepe Junction', 1943, 5),
	('Pinnawala-Waga', 1944, 5),
	('Angampitiya', 1945, 5),
	('Arukwathupura', 1946, 5),
	('Kandanapitiya', 1947, 5),
	('Gurulana', 1948, 5),
	('Udugamkanda', 1949, 5),
	('Wattala', 1951, 7),
	('Bulnewa', 1952, 2),
	('Kebithigollewa', 1953, 2),
	('Madipola', 1974, 16),
	('Karatota', 1975, 17),
	('Gangulandeniya', 1976, 8),
	('Idalgashinna', 1977, 3),
	('Allaipiddi', 1978, 9),
	('Allaveddi', 1979, 9),
	('Alvai', 1980, 9),
	('Anaikoddai', 1981, 9),
	('Analaitivu', 1982, 9),
	('Araly', 1983, 9),
	('Atchuveli', 1984, 9),
	('Chankanai', 1985, 9),
	('Chavakachcheri', 1986, 9),
	('Chullipuram', 1987, 9),
	('Chundikuli', 1988, 9),
	('Chunnakam', 1989, 9),
	('Delft West', 1990, 9),
	('Delft', 1991, 9),
	('Eluvaitivu', 1992, 9),
	('Erialai', 1993, 9),
	('Ilavalai', 1994, 9),
	('Kankesanthurai', 1995, 9),
	('Karainagar', 1996, 9),
	('Karaveddi', 1997, 9),
	('Kayts', 1998, 9),
	('Kodikamam', 1999, 9),
	('Kokuvil', 2000, 9),
	('Kondavil', 2001, 9),
	('Kopay', 2002, 9),
	('Kudatanai', 2003, 9),
	('Mallakam', 2004, 9),
	('Mandaitivu', 2005, 9),
	('Manipay', 2006, 9),
	('Mathagal', 2007, 9),
	('Meesalai', 2008, 9),
	('Mahiyampathy', 2009, 9),
	('Mirusuvil', 2010, 9),
	('Nagarkovil', 2011, 9),
	('Nagendramadam', 2012, 9),
	('Nainathivu', 2013, 9),
	('Neervely', 2014, 9),
	('Pandaterippu', 2015, 9),
	('Point Pedro', 2016, 9),
	('Puloly', 2017, 9),
	('Pungudutivu', 2018, 9),
	('Puttur', 2019, 9),
	('Sandilipay', 2020, 9),
	('Sangarathai', 2021, 9),
	('Sithankerny', 2022, 9),
	('Sivankovilady', 2023, 9),
	('Thellippallai', 2024, 9),
	('Thondamanaru', 2025, 9),
	('Urumpirai', 2026, 9),
	('Vaddukoddai', 2027, 9),
	('Valvettithurai', 2028, 9),
	('Varany', 2029, 9),
	('Vasavilan', 2030, 9),
	('Velanai', 2031, 9),
	('Gurunagar', 2032, 9),
	('Kaitadi', 2033, 9),
	('Nallur', 2034, 9),
	('Thirunelvely', 2035, 9),
	('Vannarponnai', 2036, 9),
	('Akkarayankulam', 2037, 13),
	('Aliyawalai', 2038, 13),
	('Chempiyanpattu', 2039, 13),
	('Elephant Pass', 2040, 13),
	('Eluthumadduval', 2041, 13),
	('Iranaitiv', 2042, 13),
	('Iyyakachchi', 2043, 13),
	('Kavutharimunai', 2044, 13),
	('Konavil', 2045, 13),
	('Mulliyan', 2046, 13),
	('Murasumoddai', 2047, 13),
	('Pallavarayankaddu', 2048, 13),
	('Paranthan', 2049, 13),
	('Puliyampokkanai', 2050, 13),
	('Punakari-Nallur', 2051, 13),
	('Ramanathapuram', 2052, 13),
	('Sivapuram', 2053, 13),
	('Skanthapuram', 2054, 13),
	('Thalaiyadi', 2055, 13),
	('Tharmapuram', 2056, 13),
	('Uruthirapuram', 2057, 13),
	('Vaddakachchi', 2058, 13),
	('Vannerikkulam', 2059, 13),
	('Veravil', 2060, 13),
	('Vinayagapuram', 2061, 13),
	('Ambalnagar', 2063, 13),
	('Cheddiyakurichchi', 2064, 13),
	('Chundikulam', 2065, 13),
	('Kalmadunagar', 2066, 13),
	('Karadipokku', 2067, 13),
	('Kilay', 2068, 13),
	('Kunchuparanthan', 2069, 13),
	('Muhamalai', 2070, 13),
	('Pallai', 2071, 13),
	('Sivanagar', 2072, 13),
	('Soranpattu', 2073, 13),
	('Thirunagar', 2074, 13),
	('Thiruvaiaru', 2075, 13),
	('Alampil', 2076, 19),
	('Karuppaddamurippu', 2077, 19),
	('Mankulam', 2078, 19),
	('Mullivaikkal', 2079, 19),
	('Mulliyawalai', 2080, 19),
	('Muththaiyankaddukulam', 2081, 19),
	('Naddankandal', 2082, 19),
	('Oddusudan', 2083, 19),
	('Puthukkudiyiruppu', 2084, 19),
	('Puthuvedduvan', 2085, 19),
	('Thunukkai', 2086, 19),
	('Udayarkaddu', 2087, 19),
	('Vavunakkulam', 2088, 19),
	('Visvamadukulam', 2089, 19),
	('Yogapuram', 2090, 19),
	('Ampalavanpokkanai', 2091, 19),
	('Ananthapuram', 2092, 19),
	('Ethawetunuwewa', 2093, 19),
	('Kokkilai', 2094, 19),
	('Kokkuthuoduvai', 2095, 19),
	('Kumulamunai', 2096, 19),
	('Mullathivu', 2097, 19),
	('Murukandy', 2098, 19),
	('Welioya', 2099, 19),
	('Nedunkerny', 2116, 25),
	('Neriyakulam', 2117, 25),
	('Alagalla', 2135, 25),
	('Andiyapuliyankulam', 2136, 25),
	('Asikulam', 2137, 25),
	('Cheddikulam', 2138, 25),
	('Chemamadukulam', 2139, 25),
	('Iranai lluppaikulam', 2140, 25),
	('Kalmadhu', 2141, 25),
	('Iratta Periyakulama', 2142, 25),
	('Kanagarayankulam', 2143, 25),
	('Kannaddi', 2144, 25),
	('Kela Bogaswewa', 2145, 25),
	('Kovilkulam', 2146, 25),
	('Madukanda', 2147, 25),
	('Mahakachchakodiya', 2148, 25),
	('Mamaduwa', 2149, 25),
	('Maradammaduwa', 2150, 25),
	('Maraiyadithakulam', 2151, 25),
	('Maruthodai', 2152, 25),
	('Mathavuvaithakulam', 2153, 25),
	('Nainamadu', 2154, 25),
	('Nelukkulam', 2155, 25),
	('Nochchimoddai', 2156, 25),
	('Omanthai', 2157, 25),
	('Palamoddai', 2158, 25),
	('Pampaimadu', 2159, 25),
	('Pavakkulama Unit 1', 2160, 25),
	('Pavakkulama Unit 2', 2161, 25),
	('Periyathambanai', 2162, 25),
	('Periya Ulukkulama', 2163, 25),
	('Poovarasankulam', 2164, 25),
	('Puliyankulam', 2165, 25),
	('Sathirikulankulam', 2166, 25),
	('Sinnasippikulam', 2167, 25),
	('Thandikulam', 2168, 25),
	('Vaarikkuttiyoor', 2169, 25),
	('Aandankulam', 2172, 15),
	('Adampan', 2173, 15),
	('Arippu', 2174, 15),
	('Athimottai', 2175, 15),
	('Chilavathurai', 2176, 15),
	('Erukkalampiddy', 2177, 15),
	('Illuppaikadavai', 2178, 15),
	('Karisal', 2179, 15),
	('Kokkupadayan', 2180, 15),
	('Madhu Church', 2181, 15),
	('Madhu Road', 2182, 15),
	('Marichchikaddi', 2183, 15),
	('Mullikulam', 2184, 15),
	('Murunkan', 2185, 15),
	('Nanattan', 2186, 15),
	('Palampiddy', 2187, 15),
	('Pallimunai', 2188, 15),
	('Pandaraveli', 2189, 15),
	('Pappamoddai', 2190, 15),
	('Parappankandal', 2191, 15),
	('Parappukadanthan', 2192, 15),
	('Periyakunchikulam', 2193, 15),
	('Periyamadhu', 2194, 15),
	('Periyapandivirichchan', 2195, 15),
	('Pesalai', 2196, 15),
	('Potkerny', 2197, 15),
	('Puthuveli', 2198, 15),
	('Sooriyakaddaikadhu', 2199, 15),
	('Thalaimannar', 2200, 15),
	('Thalaimannar Pier', 2201, 15),
	('Thalaimannar West', 2202, 15),
	('Thalvupadu', 2203, 15),
	('Tharapuram', 2204, 15),
	('Thiruketheeswaram', 2205, 15),
	('Uyilankulam', 2206, 15),
	('Uyirtharasankulam', 2207, 15),
	('Vaddakandal', 2208, 15),
	('Vankalai', 2209, 15),
	('Vellankulam', 2210, 15),
	('Veppankulam', 2211, 15),
	('Vidataltivu', 2212, 15),
	('Mabola', 2213, 7);

-- Dumping structure for table cloud_store.color
CREATE TABLE IF NOT EXISTS `color` (
  `id` int NOT NULL AUTO_INCREMENT,
  `name` varchar(20) CHARACTER SET utf8mb4 COLLATE utf8mb4_0900_ai_ci NOT NULL,
  PRIMARY KEY (`id`)
) ENGINE=InnoDB AUTO_INCREMENT=9 DEFAULT CHARSET=utf8mb3;

-- Dumping data for table cloud_store.color: ~8 rows (approximately)
INSERT INTO `color` (`id`, `name`) VALUES
	(1, 'Silver'),
	(2, 'Black'),
	(3, 'Grapite Black'),
	(4, 'Moon White'),
	(5, 'Ocen Blue'),
	(6, 'Jet Black'),
	(7, 'Red'),
	(8, 'Rose Gold');

-- Dumping structure for table cloud_store.district
CREATE TABLE IF NOT EXISTS `district` (
  `id` int NOT NULL AUTO_INCREMENT,
  `province_id` int NOT NULL,
  `name` varchar(45) CHARACTER SET utf8mb3 COLLATE utf8_general_ci DEFAULT NULL,
  `city_id` int NOT NULL,
  PRIMARY KEY (`id`),
  KEY `provinces_id` (`province_id`),
  KEY `fk_districts_cities1_idx` (`city_id`) USING BTREE,
  CONSTRAINT `fk_districts_cities1` FOREIGN KEY (`city_id`) REFERENCES `city` (`id`),
  CONSTRAINT `id` FOREIGN KEY (`province_id`) REFERENCES `province` (`id`)
) ENGINE=InnoDB AUTO_INCREMENT=26 DEFAULT CHARSET=utf8mb3;

-- Dumping data for table cloud_store.district: ~25 rows (approximately)
INSERT INTO `district` (`id`, `province_id`, `name`, `city_id`) VALUES
	(1, 6, 'Ampara', 0),
	(2, 8, 'Anuradhapura', 0),
	(3, 7, 'Badulla', 0),
	(4, 6, 'Batticaloa', 0),
	(5, 1, 'Colombo', 0),
	(6, 3, 'Galle', 0),
	(7, 1, 'Gampaha', 0),
	(8, 3, 'Hambantota', 0),
	(9, 9, 'Jaffna', 0),
	(10, 1, 'Kalutara', 0),
	(11, 2, 'Kandy', 0),
	(12, 5, 'Kegalle', 0),
	(13, 9, 'Kilinochchi', 0),
	(14, 4, 'Kurunegala', 0),
	(15, 9, 'Mannar', 0),
	(16, 2, 'Matale', 0),
	(17, 3, 'Matara', 0),
	(18, 7, 'Monaragala', 0),
	(19, 9, 'Mullaitivu', 0),
	(20, 2, 'Nuwara Eliya', 0),
	(21, 8, 'Polonnaruwa', 0),
	(22, 4, 'Puttalam', 0),
	(23, 5, 'Ratnapura', 0),
	(24, 6, 'Trincomalee', 0),
	(25, 9, 'Vavuniya', 0);

-- Dumping structure for table cloud_store.gender
CREATE TABLE IF NOT EXISTS `gender` (
  `id` int NOT NULL AUTO_INCREMENT,
  `gender` varchar(45) CHARACTER SET utf8mb4 COLLATE utf8mb4_0900_ai_ci DEFAULT NULL,
  PRIMARY KEY (`id`)
) ENGINE=InnoDB AUTO_INCREMENT=3 DEFAULT CHARSET=utf8mb3;

-- Dumping data for table cloud_store.gender: ~2 rows (approximately)
INSERT INTO `gender` (`id`, `gender`) VALUES
	(1, 'Male'),
	(2, 'Female');

-- Dumping structure for table cloud_store.model
CREATE TABLE IF NOT EXISTS `model` (
  `id` int NOT NULL AUTO_INCREMENT,
  `name` varchar(45) CHARACTER SET utf8mb4 COLLATE utf8mb4_0900_ai_ci DEFAULT NULL,
  PRIMARY KEY (`id`)
) ENGINE=InnoDB DEFAULT CHARSET=utf8mb3;

-- Dumping data for table cloud_store.model: ~8 rows (approximately)
INSERT INTO `model` (`id`, `name`) VALUES
	(1, 'M1 Mackbook Pro'),
	(2, 'Matebook'),
	(3, 'X513 i3 11 Gen'),
	(4, 'Thinkpad 15'),
	(5, 'iphone 13 Pro Max'),
	(6, 'Pixel 6 Pro'),
	(7, '1+ 10 Pro'),
	(8, 'S 22 Ultra');

-- Dumping structure for table cloud_store.product
CREATE TABLE IF NOT EXISTS `product` (
  `id` int NOT NULL AUTO_INCREMENT,
  `price` double DEFAULT NULL,
  `qty` int DEFAULT NULL,
  `description` text CHARACTER SET utf8mb4 COLLATE utf8mb4_0900_ai_ci,
  `title` varchar(100) CHARACTER SET utf8mb4 COLLATE utf8mb4_0900_ai_ci DEFAULT NULL,
  `delivary_fee` double DEFAULT NULL,
  `brand_has_model_id` int NOT NULL,
  `category_id` int NOT NULL,
  `color_id` int NOT NULL,
  `status_id` int NOT NULL,
  `user_email` varchar(50) CHARACTER SET utf8mb4 COLLATE utf8mb4_0900_ai_ci NOT NULL,
  PRIMARY KEY (`id`),
  KEY `fk_product_brand_has_model1_idx` (`brand_has_model_id`),
  KEY `fk_product_category1_idx` (`category_id`),
  KEY `fk_product_color1_idx` (`color_id`),
  KEY `fk_product_status1_idx` (`status_id`),
  KEY `fk_product_user1_idx` (`user_email`),
  CONSTRAINT `fk_product_brand_has_model1` FOREIGN KEY (`brand_has_model_id`) REFERENCES `brand_has_model` (`id`),
  CONSTRAINT `fk_product_category1` FOREIGN KEY (`category_id`) REFERENCES `category` (`id`),
  CONSTRAINT `fk_product_color1` FOREIGN KEY (`color_id`) REFERENCES `color` (`id`),
  CONSTRAINT `FK_product_status` FOREIGN KEY (`status_id`) REFERENCES `status` (`id`),
  CONSTRAINT `fk_product_user1` FOREIGN KEY (`user_email`) REFERENCES `user` (`email`)
) ENGINE=InnoDB AUTO_INCREMENT=23 DEFAULT CHARSET=utf8mb3;

-- Dumping data for table cloud_store.product: ~8 rows (approximately)
INSERT INTO `product` (`id`, `price`, `qty`, `description`, `title`, `delivary_fee`, `brand_has_model_id`, `category_id`, `color_id`, `status_id`, `user_email`) VALUES
	(1, 485000, 23, '8GB,256GB', 'Apple Macbook Pro', 500, 1, 1, 8, 1, 'tharidu.java@gmail.com'),
	(2, 350000, 12, '8gb,512GB', 'Huawei Matebook', 500, 2, 1, 1, 1, 'tharidu.java@gmail.com'),
	(3, 220000, 5, '8GB,512GB', 'Asus x513 i3 11 gen', 500, 3, 1, 2, 1, 'tharidu.java@gmail.com'),
	(4, 360000, 23, 'i5 11 gen, 8GB', 'Lenovo Thinkpad i5 11 Gen', 500, 4, 1, 6, 1, 'tharidu.java@gmail.com'),
	(5, 550000, 12, '6GB,512GB', 'Apple iphone 13 Pro Max ', 5000, 8, 2, 4, 1, 'tharidu.java@gmail.com'),
	(6, 365000, 13, '16GB,256GB', 'Samsung S22 Ultra', 2000, 5, 2, 3, 1, 'tharidu.java@gmail.com'),
	(7, 290000, 32, '8GB,128GB', 'Google Pixel 6 Pro', 4000, 13, 2, 7, 1, 'tharidu.java@gmail.com'),
	(8, 199000, 12, '8GB,512 GB', 'One Plus 10 Pro', 3000, 6, 2, 5, 1, 'tharidu.java@gmail.com');

-- Dumping structure for table cloud_store.profile_image
CREATE TABLE IF NOT EXISTS `profile_image` (
  `path` varchar(100) CHARACTER SET utf8mb4 COLLATE utf8mb4_0900_ai_ci NOT NULL,
  `user_email` varchar(50) CHARACTER SET utf8mb4 COLLATE utf8mb4_0900_ai_ci NOT NULL,
  PRIMARY KEY (`path`),
  KEY `fk_profile_image_user1_idx` (`user_email`),
  CONSTRAINT `fk_profile_image_user1` FOREIGN KEY (`user_email`) REFERENCES `user` (`email`)
) ENGINE=InnoDB DEFAULT CHARSET=utf8mb3;

-- Dumping data for table cloud_store.profile_image: ~2 rows (approximately)
INSERT INTO `profile_image` (`path`, `user_email`) VALUES
	('resource/profile_img/Amila_6375d87bd6cb9.png', 'amila@gmail.com'),
	('resource/profile_img/Tharidu_637b5bffaf18d.png', 'tharidu.java@gmail.com');

-- Dumping structure for table cloud_store.province
CREATE TABLE IF NOT EXISTS `province` (
  `id` int NOT NULL AUTO_INCREMENT,
  `name` varchar(45) CHARACTER SET utf8mb3 COLLATE utf8_general_ci NOT NULL,
  PRIMARY KEY (`id`)
) ENGINE=InnoDB AUTO_INCREMENT=10 DEFAULT CHARSET=utf8mb3;

-- Dumping data for table cloud_store.province: ~9 rows (approximately)
INSERT INTO `province` (`id`, `name`) VALUES
	(1, 'Western'),
	(2, 'Central'),
	(3, 'Southern'),
	(4, 'North Western'),
	(5, 'Sabaragamuwa'),
	(6, 'Eastern'),
	(7, 'Uva'),
	(8, 'North Central'),
	(9, 'Northern');

-- Dumping structure for table cloud_store.p_images
CREATE TABLE IF NOT EXISTS `p_images` (
  `code` varchar(100) CHARACTER SET utf8mb3 COLLATE utf8_general_ci NOT NULL,
  `product_id` int NOT NULL,
  PRIMARY KEY (`code`),
  KEY `fk_images_product1_idx` (`product_id`),
  CONSTRAINT `fk_images_product1` FOREIGN KEY (`product_id`) REFERENCES `product` (`id`)
) ENGINE=InnoDB DEFAULT CHARSET=utf8mb3;

-- Dumping data for table cloud_store.p_images: ~24 rows (approximately)
INSERT INTO `p_images` (`code`, `product_id`) VALUES
	('resource/mobile_images/One Plus 10 Pro_0_637892b81fcef.png', 2),
	('resource/mobile_images/One Plus 10 Pro_1_637892b82085f.png', 2),
	('resource/mobile_images/One Plus 10 Pro_2_637892b821962.png', 2),
	('resource/mobile_images/Lenovo Thinkpad i5 11 Gen_0_637891553e5c4.png', 3),
	('resource/mobile_images/Lenovo Thinkpad i5 11 Gen_1_637891553f22d.png', 3),
	('resource/mobile_images/Lenovo Thinkpad i5 11 Gen_2_637891553ff7c.png', 3),
	('resource/mobile_images/Huawei Matebook_0_637890db682cb.png', 4),
	('resource/mobile_images/Huawei Matebook_1_637890db691a9.png', 4),
	('resource/mobile_images/Huawei Matebook_2_637890db69f3d.png', 4),
	('resource/mobile_images/Google Pixel 6 Pro_0_63789246bfea2.png', 5),
	('resource/mobile_images/Google Pixel 6 Pro_1_63789246c0cab.png', 5),
	('resource/mobile_images/Google Pixel 6 Pro_2_63789246c1738.png', 5),
	('resource/mobile_images/Asus x513 i3 11 gen_0_6378911971edc.png', 6),
	('resource/mobile_images/Asus x513 i3 11 gen_1_63789119734de.png', 6),
	('resource/mobile_images/Asus x513 i3 11 gen_2_637891197439a.png', 6),
	('resource/mobile_images/Apple iphone 13 Pro Max _0_637891bb70242.png', 7),
	('resource/mobile_images/Apple iphone 13 Pro Max _1_637891bb70d9e.png', 7),
	('resource/mobile_images/Apple iphone 13 Pro Max _2_637891bb719f3.png', 7),
	('resource/mobile_images/Apple Macbook Pro_0_6378906f556e6.png', 7),
	('resource/mobile_images/Apple Macbook Pro_1_6378906f56361.png', 7),
	('resource/mobile_images/Apple Macbook Pro_2_6378906f56e9a.png', 7),
	('resource/mobile_images/Samsung S22 Ultra_0_637892019555e.png', 8),
	('resource/mobile_images/Samsung S22 Ultra_1_63789201962fe.png', 8),
	('resource/mobile_images/Samsung S22 Ultra_2_6378920196ffe.png', 8);

-- Dumping structure for table cloud_store.shop
CREATE TABLE IF NOT EXISTS `shop` (
  `id` int NOT NULL AUTO_INCREMENT,
  `shop_name` varchar(50) DEFAULT NULL,
  `user_email` varchar(50) CHARACTER SET utf8mb4 COLLATE utf8mb4_0900_ai_ci NOT NULL,
  `shop_mobile` varchar(10) CHARACTER SET utf8mb3 COLLATE utf8_general_ci DEFAULT NULL,
  `s_line1` varchar(45) DEFAULT NULL,
  `s_line2` varchar(45) DEFAULT NULL,
  `city_id` int NOT NULL,
  PRIMARY KEY (`id`),
  KEY `fk_shop_user1_idx` (`user_email`),
  KEY `fk_shop_city1_idx` (`city_id`),
  CONSTRAINT `fk_shop_city1` FOREIGN KEY (`city_id`) REFERENCES `city` (`id`),
  CONSTRAINT `fk_shop_user1` FOREIGN KEY (`user_email`) REFERENCES `user` (`email`)
) ENGINE=InnoDB AUTO_INCREMENT=9 DEFAULT CHARSET=utf8mb3;

-- Dumping data for table cloud_store.shop: ~3 rows (approximately)
INSERT INTO `shop` (`id`, `shop_name`, `user_email`, `shop_mobile`, `s_line1`, `s_line2`, `city_id`) VALUES
	(2, 'Amila Arts', 'amila@gmail.com', '0715467894', '132,Mabodale,', 'Divulapitiya,', 487),
	(7, 'awfasf', 'hirantha@gmail.com', '657416878', 'afadf', 'afasf', 16),
	(8, 'LAKBRO', 'tharidu.java@gmail.com', '0772027894', '289,Gsape,', 'banduragoda', 539);

-- Dumping structure for table cloud_store.status
CREATE TABLE IF NOT EXISTS `status` (
  `id` int NOT NULL AUTO_INCREMENT,
  `name` varchar(10) DEFAULT NULL,
  PRIMARY KEY (`id`)
) ENGINE=InnoDB AUTO_INCREMENT=3 DEFAULT CHARSET=utf8mb3;

-- Dumping data for table cloud_store.status: ~2 rows (approximately)
INSERT INTO `status` (`id`, `name`) VALUES
	(1, 'Active'),
	(2, 'Deactive');

-- Dumping structure for table cloud_store.user
CREATE TABLE IF NOT EXISTS `user` (
  `fname` varchar(30) CHARACTER SET utf8mb4 COLLATE utf8mb4_0900_ai_ci DEFAULT NULL,
  `lname` varchar(30) CHARACTER SET utf8mb4 COLLATE utf8mb4_0900_ai_ci DEFAULT NULL,
  `email` varchar(50) CHARACTER SET utf8mb4 COLLATE utf8mb4_0900_ai_ci NOT NULL,
  `password` varchar(20) CHARACTER SET utf8mb4 COLLATE utf8mb4_0900_ai_ci DEFAULT NULL,
  `mobile` varchar(10) CHARACTER SET utf8mb4 COLLATE utf8mb4_0900_ai_ci DEFAULT NULL,
  `verification_code` varchar(20) CHARACTER SET utf8mb4 COLLATE utf8mb4_0900_ai_ci DEFAULT NULL,
  `gender_id` int NOT NULL,
  `status` int DEFAULT NULL,
  PRIMARY KEY (`email`),
  KEY `fk_user_gender1_idx` (`gender_id`),
  CONSTRAINT `fk_user_gender1` FOREIGN KEY (`gender_id`) REFERENCES `gender` (`id`)
) ENGINE=InnoDB DEFAULT CHARSET=utf8mb3;

-- Dumping data for table cloud_store.user: ~4 rows (approximately)
INSERT INTO `user` (`fname`, `lname`, `email`, `password`, `mobile`, `verification_code`, `gender_id`, `status`) VALUES
	('Amila', 'Sampath', 'amila@gmail.com', 'java1234', '0771234569', NULL, 1, 1),
	('Danidu', 'Dulanjan', 'danidu@gmail.com', 'java1234', '0715478123', NULL, 1, 1),
	('Hirantha', 'Pabasara', 'hirantha@gmail.com', 'java1234', '0777894563', NULL, 1, 1),
	('Tharidu', 'Lakmal', 'tharidu.java@gmail.com', 'java1234', '0772027894', NULL, 1, 1),
	('Thilina', 'Perera', 'thilina@gmail.com', 'java1234', '0789856213', NULL, 1, 1);

-- Dumping structure for table cloud_store.user_has_address
CREATE TABLE IF NOT EXISTS `user_has_address` (
  `user_email` varchar(50) CHARACTER SET utf8mb4 COLLATE utf8mb4_0900_ai_ci NOT NULL,
  `id` int NOT NULL AUTO_INCREMENT,
  `line1` text CHARACTER SET utf8mb4 COLLATE utf8mb4_0900_ai_ci,
  `line2` text CHARACTER SET utf8mb4 COLLATE utf8mb4_0900_ai_ci,
  `postal_code` text CHARACTER SET utf8mb4 COLLATE utf8mb4_0900_ai_ci,
  `city_id` int NOT NULL,
  PRIMARY KEY (`id`),
  KEY `fk_user_has_address_user_idx` (`user_email`),
  KEY `fk_user_has_address_cities1_idx` (`city_id`) USING BTREE,
  CONSTRAINT `fk_user_has_address_cities1` FOREIGN KEY (`city_id`) REFERENCES `city` (`id`),
  CONSTRAINT `fk_user_has_address_user` FOREIGN KEY (`user_email`) REFERENCES `user` (`email`)
) ENGINE=InnoDB AUTO_INCREMENT=3 DEFAULT CHARSET=utf8mb3;

-- Dumping data for table cloud_store.user_has_address: ~2 rows (approximately)
INSERT INTO `user_has_address` (`user_email`, `id`, `line1`, `line2`, `postal_code`, `city_id`) VALUES
	('tharidu.java@gmail.com', 1, '289,Gaspe,', 'Banduragoda.', '11244', 1),
	('amila@gmail.com', 2, '', '', '', 1);

-- Dumping structure for table cloud_store.watchlist
CREATE TABLE IF NOT EXISTS `watchlist` (
  `id` int NOT NULL AUTO_INCREMENT,
  `user_email` varchar(50) CHARACTER SET utf8mb4 COLLATE utf8mb4_0900_ai_ci NOT NULL,
  `product_id` int NOT NULL,
  PRIMARY KEY (`id`),
  KEY `fk_watchlist_user1_idx` (`user_email`),
  KEY `fk_watchlist_product1_idx` (`product_id`),
  CONSTRAINT `fk_watchlist_product1` FOREIGN KEY (`product_id`) REFERENCES `product` (`id`),
  CONSTRAINT `fk_watchlist_user1` FOREIGN KEY (`user_email`) REFERENCES `user` (`email`)
) ENGINE=InnoDB DEFAULT CHARSET=utf8mb3;

-- Dumping data for table cloud_store.watchlist: ~0 rows (approximately)

/*!40103 SET TIME_ZONE=IFNULL(@OLD_TIME_ZONE, 'system') */;
/*!40101 SET SQL_MODE=IFNULL(@OLD_SQL_MODE, '') */;
/*!40014 SET FOREIGN_KEY_CHECKS=IFNULL(@OLD_FOREIGN_KEY_CHECKS, 1) */;
/*!40101 SET CHARACTER_SET_CLIENT=@OLD_CHARACTER_SET_CLIENT */;
/*!40111 SET SQL_NOTES=IFNULL(@OLD_SQL_NOTES, 1) */;
